sample_id,label,status,credibility_status,urgency_status,emotion_status,D0_length,D1_length,D2_length,D3_length
0,fraud,full_success,success,success,success,310.0,309.0,378.0,388.0
1,fraud,partial_or_fallback,success,"failed: ValueError: empty response, finish_reason=length",skipped_due_to_previous_failure,396.0,422.0,422.0,422.0
2,fraud,full_success,success,success,success,386.0,350.0,397.0,407.0
3,fraud,full_success,success,success,success,382.0,406.0,454.0,481.0
4,fraud,full_success,success,success,success,475.0,520.0,559.0,643.0
5,fraud,partial_or_fallback,"failed: ValueError: empty response, finish_reason=length",skipped_due_to_D1_failure,skipped_due_to_previous_failure,370.0,370.0,370.0,370.0
6,fraud,full_success,success,success,success,356.0,373.0,393.0,429.0
7,fraud,full_success,success,success,success,372.0,295.0,318.0,322.0
8,fraud,full_success,success,success,success,328.0,313.0,340.0,345.0
9,fraud,full_success,success,success,success,353.0,390.0,429.0,429.0
10,fraud,full_success,success,success,success,422.0,407.0,451.0,475.0
11,fraud,full_success,success,success,success,347.0,369.0,400.0,425.0
12,fraud,full_success,success,success,success,308.0,315.0,327.0,357.0
13,fraud,full_success,success,success,success,392.0,404.0,436.0,471.0
14,fraud,full_success,success,success,success,360.0,346.0,389.0,381.0
15,fraud,full_success,success,success,success,428.0,386.0,438.0,455.0
16,fraud,full_success,success,success,success,498.0,457.0,593.0,612.0
17,fraud,full_success,success,success,success,310.0,307.0,382.0,430.0
18,fraud,full_success,success,success,success,359.0,355.0,430.0,460.0
19,fraud,full_success,success,success,success,292.0,345.0,384.0,406.0
20,fraud,not_augmented_due_to_limit,,,,,,,
21,fraud,not_augmented_due_to_limit,,,,,,,
22,fraud,not_augmented_due_to_limit,,,,,,,
23,fraud,not_augmented_due_to_limit,,,,,,,
24,fraud,not_augmented_due_to_limit,,,,,,,
25,fraud,not_augmented_due_to_limit,,,,,,,
26,fraud,not_augmented_due_to_limit,,,,,,,
27,fraud,not_augmented_due_to_limit,,,,,,,
28,fraud,not_augmented_due_to_limit,,,,,,,
29,fraud,not_augmented_due_to_limit,,,,,,,
30,fraud,not_augmented_due_to_limit,,,,,,,
31,fraud,not_augmented_due_to_limit,,,,,,,
32,fraud,not_augmented_due_to_limit,,,,,,,
33,fraud,not_augmented_due_to_limit,,,,,,,
34,fraud,not_augmented_due_to_limit,,,,,,,
35,fraud,not_augmented_due_to_limit,,,,,,,
36,fraud,not_augmented_due_to_limit,,,,,,,
37,fraud,not_augmented_due_to_limit,,,,,,,
38,fraud,not_augmented_due_to_limit,,,,,,,
39,fraud,not_augmented_due_to_limit,,,,,,,
40,fraud,not_augmented_due_to_limit,,,,,,,
41,fraud,not_augmented_due_to_limit,,,,,,,
42,fraud,not_augmented_due_to_limit,,,,,,,
43,fraud,not_augmented_due_to_limit,,,,,,,
44,fraud,not_augmented_due_to_limit,,,,,,,
45,fraud,not_augmented_due_to_limit,,,,,,,
46,fraud,not_augmented_due_to_limit,,,,,,,
47,fraud,not_augmented_due_to_limit,,,,,,,
48,fraud,not_augmented_due_to_limit,,,,,,,
49,fraud,not_augmented_due_to_limit,,,,,,,
50,fraud,not_augmented_due_to_limit,,,,,,,
51,fraud,not_augmented_due_to_limit,,,,,,,
52,fraud,not_augmented_due_to_limit,,,,,,,
53,fraud,not_augmented_due_to_limit,,,,,,,
54,fraud,not_augmented_due_to_limit,,,,,,,
55,fraud,not_augmented_due_to_limit,,,,,,,
56,fraud,not_augmented_due_to_limit,,,,,,,
57,fraud,not_augmented_due_to_limit,,,,,,,
58,fraud,not_augmented_due_to_limit,,,,,,,
59,fraud,not_augmented_due_to_limit,,,,,,,
60,fraud,not_augmented_due_to_limit,,,,,,,
61,fraud,not_augmented_due_to_limit,,,,,,,
62,fraud,not_augmented_due_to_limit,,,,,,,
63,fraud,not_augmented_due_to_limit,,,,,,,
64,fraud,not_augmented_due_to_limit,,,,,,,
65,fraud,not_augmented_due_to_limit,,,,,,,
66,fraud,not_augmented_due_to_limit,,,,,,,
67,fraud,not_augmented_due_to_limit,,,,,,,
68,fraud,not_augmented_due_to_limit,,,,,,,
69,fraud,not_augmented_due_to_limit,,,,,,,
70,fraud,not_augmented_due_to_limit,,,,,,,
71,fraud,not_augmented_due_to_limit,,,,,,,
72,fraud,not_augmented_due_to_limit,,,,,,,
73,fraud,not_augmented_due_to_limit,,,,,,,
74,fraud,not_augmented_due_to_limit,,,,,,,
75,fraud,not_augmented_due_to_limit,,,,,,,
76,fraud,not_augmented_due_to_limit,,,,,,,
77,fraud,not_augmented_due_to_limit,,,,,,,
78,fraud,not_augmented_due_to_limit,,,,,,,
79,fraud,not_augmented_due_to_limit,,,,,,,
80,fraud,not_augmented_due_to_limit,,,,,,,
81,fraud,not_augmented_due_to_limit,,,,,,,
82,fraud,not_augmented_due_to_limit,,,,,,,
83,fraud,not_augmented_due_to_limit,,,,,,,
84,fraud,not_augmented_due_to_limit,,,,,,,
85,fraud,not_augmented_due_to_limit,,,,,,,
86,fraud,not_augmented_due_to_limit,,,,,,,
87,fraud,not_augmented_due_to_limit,,,,,,,
88,fraud,not_augmented_due_to_limit,,,,,,,
89,fraud,not_augmented_due_to_limit,,,,,,,
90,fraud,not_augmented_due_to_limit,,,,,,,
91,fraud,not_augmented_due_to_limit,,,,,,,
92,fraud,not_augmented_due_to_limit,,,,,,,
93,fraud,not_augmented_due_to_limit,,,,,,,
94,fraud,not_augmented_due_to_limit,,,,,,,
95,fraud,not_augmented_due_to_limit,,,,,,,
96,fraud,not_augmented_due_to_limit,,,,,,,
97,fraud,not_augmented_due_to_limit,,,,,,,
98,fraud,not_augmented_due_to_limit,,,,,,,
99,fraud,not_augmented_due_to_limit,,,,,,,
100,fraud,not_augmented_due_to_limit,,,,,,,
101,fraud,not_augmented_due_to_limit,,,,,,,
102,fraud,not_augmented_due_to_limit,,,,,,,
103,fraud,not_augmented_due_to_limit,,,,,,,
104,fraud,not_augmented_due_to_limit,,,,,,,
105,fraud,not_augmented_due_to_limit,,,,,,,
106,fraud,not_augmented_due_to_limit,,,,,,,
107,fraud,not_augmented_due_to_limit,,,,,,,
108,fraud,not_augmented_due_to_limit,,,,,,,
109,fraud,not_augmented_due_to_limit,,,,,,,
110,fraud,not_augmented_due_to_limit,,,,,,,
111,fraud,not_augmented_due_to_limit,,,,,,,
112,fraud,not_augmented_due_to_limit,,,,,,,
113,fraud,not_augmented_due_to_limit,,,,,,,
114,fraud,not_augmented_due_to_limit,,,,,,,
115,fraud,not_augmented_due_to_limit,,,,,,,
116,fraud,not_augmented_due_to_limit,,,,,,,
117,fraud,not_augmented_due_to_limit,,,,,,,
118,fraud,not_augmented_due_to_limit,,,,,,,
119,fraud,not_augmented_due_to_limit,,,,,,,
120,fraud,not_augmented_due_to_limit,,,,,,,
121,fraud,not_augmented_due_to_limit,,,,,,,
122,fraud,not_augmented_due_to_limit,,,,,,,
123,fraud,not_augmented_due_to_limit,,,,,,,
124,fraud,not_augmented_due_to_limit,,,,,,,
125,fraud,not_augmented_due_to_limit,,,,,,,
126,fraud,not_augmented_due_to_limit,,,,,,,
127,fraud,not_augmented_due_to_limit,,,,,,,
128,fraud,not_augmented_due_to_limit,,,,,,,
129,fraud,not_augmented_due_to_limit,,,,,,,
130,fraud,not_augmented_due_to_limit,,,,,,,
131,fraud,not_augmented_due_to_limit,,,,,,,
132,fraud,not_augmented_due_to_limit,,,,,,,
133,fraud,not_augmented_due_to_limit,,,,,,,
134,fraud,not_augmented_due_to_limit,,,,,,,
135,fraud,not_augmented_due_to_limit,,,,,,,
136,fraud,not_augmented_due_to_limit,,,,,,,
137,fraud,not_augmented_due_to_limit,,,,,,,
138,fraud,not_augmented_due_to_limit,,,,,,,
139,fraud,not_augmented_due_to_limit,,,,,,,
140,fraud,not_augmented_due_to_limit,,,,,,,
141,fraud,not_augmented_due_to_limit,,,,,,,
142,fraud,not_augmented_due_to_limit,,,,,,,
143,fraud,not_augmented_due_to_limit,,,,,,,
144,fraud,not_augmented_due_to_limit,,,,,,,
145,fraud,not_augmented_due_to_limit,,,,,,,
146,fraud,not_augmented_due_to_limit,,,,,,,
147,fraud,not_augmented_due_to_limit,,,,,,,
148,fraud,not_augmented_due_to_limit,,,,,,,
149,fraud,not_augmented_due_to_limit,,,,,,,
150,fraud,not_augmented_due_to_limit,,,,,,,
151,fraud,not_augmented_due_to_limit,,,,,,,
152,fraud,not_augmented_due_to_limit,,,,,,,
153,fraud,not_augmented_due_to_limit,,,,,,,
154,fraud,not_augmented_due_to_limit,,,,,,,
155,fraud,not_augmented_due_to_limit,,,,,,,
156,fraud,not_augmented_due_to_limit,,,,,,,
157,fraud,not_augmented_due_to_limit,,,,,,,
158,fraud,not_augmented_due_to_limit,,,,,,,
159,fraud,not_augmented_due_to_limit,,,,,,,
160,fraud,not_augmented_due_to_limit,,,,,,,
161,fraud,not_augmented_due_to_limit,,,,,,,
162,fraud,not_augmented_due_to_limit,,,,,,,
163,fraud,not_augmented_due_to_limit,,,,,,,
164,fraud,not_augmented_due_to_limit,,,,,,,
165,fraud,not_augmented_due_to_limit,,,,,,,
166,fraud,not_augmented_due_to_limit,,,,,,,
167,fraud,not_augmented_due_to_limit,,,,,,,
168,fraud,not_augmented_due_to_limit,,,,,,,
169,fraud,not_augmented_due_to_limit,,,,,,,
170,fraud,not_augmented_due_to_limit,,,,,,,
171,fraud,not_augmented_due_to_limit,,,,,,,
172,fraud,not_augmented_due_to_limit,,,,,,,
173,fraud,not_augmented_due_to_limit,,,,,,,
174,fraud,not_augmented_due_to_limit,,,,,,,
175,fraud,not_augmented_due_to_limit,,,,,,,
176,fraud,not_augmented_due_to_limit,,,,,,,
177,fraud,not_augmented_due_to_limit,,,,,,,
178,fraud,not_augmented_due_to_limit,,,,,,,
179,fraud,not_augmented_due_to_limit,,,,,,,
180,fraud,not_augmented_due_to_limit,,,,,,,
181,fraud,not_augmented_due_to_limit,,,,,,,
182,fraud,not_augmented_due_to_limit,,,,,,,
183,fraud,not_augmented_due_to_limit,,,,,,,
184,fraud,not_augmented_due_to_limit,,,,,,,
185,fraud,not_augmented_due_to_limit,,,,,,,
186,fraud,not_augmented_due_to_limit,,,,,,,
187,fraud,not_augmented_due_to_limit,,,,,,,
188,fraud,not_augmented_due_to_limit,,,,,,,
189,fraud,not_augmented_due_to_limit,,,,,,,
190,fraud,not_augmented_due_to_limit,,,,,,,
191,fraud,not_augmented_due_to_limit,,,,,,,
192,fraud,not_augmented_due_to_limit,,,,,,,
193,fraud,not_augmented_due_to_limit,,,,,,,
194,fraud,not_augmented_due_to_limit,,,,,,,
195,fraud,not_augmented_due_to_limit,,,,,,,
196,fraud,not_augmented_due_to_limit,,,,,,,
197,fraud,not_augmented_due_to_limit,,,,,,,
198,fraud,not_augmented_due_to_limit,,,,,,,
199,fraud,not_augmented_due_to_limit,,,,,,,
200,fraud,not_augmented_due_to_limit,,,,,,,
201,fraud,not_augmented_due_to_limit,,,,,,,
202,fraud,not_augmented_due_to_limit,,,,,,,
203,fraud,not_augmented_due_to_limit,,,,,,,
204,fraud,not_augmented_due_to_limit,,,,,,,
205,fraud,not_augmented_due_to_limit,,,,,,,
206,fraud,not_augmented_due_to_limit,,,,,,,
207,fraud,not_augmented_due_to_limit,,,,,,,
208,fraud,not_augmented_due_to_limit,,,,,,,
209,fraud,not_augmented_due_to_limit,,,,,,,
210,fraud,not_augmented_due_to_limit,,,,,,,
211,fraud,not_augmented_due_to_limit,,,,,,,
212,fraud,not_augmented_due_to_limit,,,,,,,
213,fraud,not_augmented_due_to_limit,,,,,,,
214,fraud,not_augmented_due_to_limit,,,,,,,
215,fraud,not_augmented_due_to_limit,,,,,,,
216,fraud,not_augmented_due_to_limit,,,,,,,
217,fraud,not_augmented_due_to_limit,,,,,,,
218,fraud,not_augmented_due_to_limit,,,,,,,
219,fraud,not_augmented_due_to_limit,,,,,,,
220,fraud,not_augmented_due_to_limit,,,,,,,
221,fraud,not_augmented_due_to_limit,,,,,,,
222,fraud,not_augmented_due_to_limit,,,,,,,
223,fraud,not_augmented_due_to_limit,,,,,,,
224,fraud,not_augmented_due_to_limit,,,,,,,
225,fraud,not_augmented_due_to_limit,,,,,,,
226,fraud,not_augmented_due_to_limit,,,,,,,
227,fraud,not_augmented_due_to_limit,,,,,,,
228,fraud,not_augmented_due_to_limit,,,,,,,
229,fraud,not_augmented_due_to_limit,,,,,,,
230,fraud,not_augmented_due_to_limit,,,,,,,
231,fraud,not_augmented_due_to_limit,,,,,,,
232,fraud,not_augmented_due_to_limit,,,,,,,
233,fraud,not_augmented_due_to_limit,,,,,,,
234,fraud,not_augmented_due_to_limit,,,,,,,
235,fraud,not_augmented_due_to_limit,,,,,,,
236,fraud,not_augmented_due_to_limit,,,,,,,
237,fraud,not_augmented_due_to_limit,,,,,,,
238,fraud,not_augmented_due_to_limit,,,,,,,
239,fraud,not_augmented_due_to_limit,,,,,,,
240,fraud,not_augmented_due_to_limit,,,,,,,
241,fraud,not_augmented_due_to_limit,,,,,,,
242,fraud,not_augmented_due_to_limit,,,,,,,
243,fraud,not_augmented_due_to_limit,,,,,,,
244,fraud,not_augmented_due_to_limit,,,,,,,
245,fraud,not_augmented_due_to_limit,,,,,,,
246,fraud,not_augmented_due_to_limit,,,,,,,
247,fraud,not_augmented_due_to_limit,,,,,,,
248,fraud,not_augmented_due_to_limit,,,,,,,
249,fraud,not_augmented_due_to_limit,,,,,,,
250,fraud,not_augmented_due_to_limit,,,,,,,
251,fraud,not_augmented_due_to_limit,,,,,,,
252,fraud,not_augmented_due_to_limit,,,,,,,
253,fraud,not_augmented_due_to_limit,,,,,,,
254,fraud,not_augmented_due_to_limit,,,,,,,
255,fraud,not_augmented_due_to_limit,,,,,,,
256,fraud,not_augmented_due_to_limit,,,,,,,
257,fraud,not_augmented_due_to_limit,,,,,,,
258,fraud,not_augmented_due_to_limit,,,,,,,
259,fraud,not_augmented_due_to_limit,,,,,,,
260,fraud,not_augmented_due_to_limit,,,,,,,
261,fraud,not_augmented_due_to_limit,,,,,,,
262,fraud,not_augmented_due_to_limit,,,,,,,
263,fraud,not_augmented_due_to_limit,,,,,,,
264,fraud,not_augmented_due_to_limit,,,,,,,
265,fraud,not_augmented_due_to_limit,,,,,,,
266,fraud,not_augmented_due_to_limit,,,,,,,
267,fraud,not_augmented_due_to_limit,,,,,,,
268,fraud,not_augmented_due_to_limit,,,,,,,
269,fraud,not_augmented_due_to_limit,,,,,,,
270,fraud,not_augmented_due_to_limit,,,,,,,
271,fraud,not_augmented_due_to_limit,,,,,,,
272,fraud,not_augmented_due_to_limit,,,,,,,
273,fraud,not_augmented_due_to_limit,,,,,,,
274,fraud,not_augmented_due_to_limit,,,,,,,
275,fraud,not_augmented_due_to_limit,,,,,,,
276,fraud,not_augmented_due_to_limit,,,,,,,
277,fraud,not_augmented_due_to_limit,,,,,,,
278,fraud,not_augmented_due_to_limit,,,,,,,
279,fraud,not_augmented_due_to_limit,,,,,,,
280,fraud,not_augmented_due_to_limit,,,,,,,
281,fraud,not_augmented_due_to_limit,,,,,,,
282,fraud,not_augmented_due_to_limit,,,,,,,
283,fraud,not_augmented_due_to_limit,,,,,,,
284,fraud,not_augmented_due_to_limit,,,,,,,
285,fraud,not_augmented_due_to_limit,,,,,,,
286,fraud,not_augmented_due_to_limit,,,,,,,
287,fraud,not_augmented_due_to_limit,,,,,,,
288,fraud,not_augmented_due_to_limit,,,,,,,
289,fraud,not_augmented_due_to_limit,,,,,,,
290,fraud,not_augmented_due_to_limit,,,,,,,
291,fraud,not_augmented_due_to_limit,,,,,,,
292,fraud,not_augmented_due_to_limit,,,,,,,
293,fraud,not_augmented_due_to_limit,,,,,,,
294,fraud,not_augmented_due_to_limit,,,,,,,
295,fraud,not_augmented_due_to_limit,,,,,,,
296,fraud,not_augmented_due_to_limit,,,,,,,
297,fraud,not_augmented_due_to_limit,,,,,,,
298,fraud,not_augmented_due_to_limit,,,,,,,
299,fraud,not_augmented_due_to_limit,,,,,,,
300,fraud,not_augmented_due_to_limit,,,,,,,
301,fraud,not_augmented_due_to_limit,,,,,,,
302,fraud,not_augmented_due_to_limit,,,,,,,
303,fraud,not_augmented_due_to_limit,,,,,,,
304,fraud,not_augmented_due_to_limit,,,,,,,
305,fraud,not_augmented_due_to_limit,,,,,,,
306,fraud,not_augmented_due_to_limit,,,,,,,
307,fraud,not_augmented_due_to_limit,,,,,,,
308,fraud,not_augmented_due_to_limit,,,,,,,
309,fraud,not_augmented_due_to_limit,,,,,,,
310,fraud,not_augmented_due_to_limit,,,,,,,
311,fraud,not_augmented_due_to_limit,,,,,,,
312,fraud,not_augmented_due_to_limit,,,,,,,
313,fraud,not_augmented_due_to_limit,,,,,,,
314,fraud,not_augmented_due_to_limit,,,,,,,
315,fraud,not_augmented_due_to_limit,,,,,,,
316,fraud,not_augmented_due_to_limit,,,,,,,
317,fraud,not_augmented_due_to_limit,,,,,,,
318,fraud,not_augmented_due_to_limit,,,,,,,
319,fraud,not_augmented_due_to_limit,,,,,,,
320,fraud,not_augmented_due_to_limit,,,,,,,
321,fraud,not_augmented_due_to_limit,,,,,,,
322,fraud,not_augmented_due_to_limit,,,,,,,
323,fraud,not_augmented_due_to_limit,,,,,,,
324,fraud,not_augmented_due_to_limit,,,,,,,
325,fraud,not_augmented_due_to_limit,,,,,,,
326,fraud,not_augmented_due_to_limit,,,,,,,
327,fraud,not_augmented_due_to_limit,,,,,,,
328,fraud,not_augmented_due_to_limit,,,,,,,
329,fraud,not_augmented_due_to_limit,,,,,,,
330,fraud,not_augmented_due_to_limit,,,,,,,
331,fraud,not_augmented_due_to_limit,,,,,,,
332,fraud,not_augmented_due_to_limit,,,,,,,
333,fraud,not_augmented_due_to_limit,,,,,,,
334,fraud,not_augmented_due_to_limit,,,,,,,
335,fraud,not_augmented_due_to_limit,,,,,,,
336,fraud,not_augmented_due_to_limit,,,,,,,
337,fraud,not_augmented_due_to_limit,,,,,,,
338,fraud,not_augmented_due_to_limit,,,,,,,
339,fraud,not_augmented_due_to_limit,,,,,,,
340,fraud,not_augmented_due_to_limit,,,,,,,
341,fraud,not_augmented_due_to_limit,,,,,,,
342,fraud,not_augmented_due_to_limit,,,,,,,
343,fraud,not_augmented_due_to_limit,,,,,,,
344,fraud,not_augmented_due_to_limit,,,,,,,
345,fraud,not_augmented_due_to_limit,,,,,,,
346,fraud,not_augmented_due_to_limit,,,,,,,
347,fraud,not_augmented_due_to_limit,,,,,,,
348,fraud,not_augmented_due_to_limit,,,,,,,
349,fraud,not_augmented_due_to_limit,,,,,,,
350,fraud,not_augmented_due_to_limit,,,,,,,
351,fraud,not_augmented_due_to_limit,,,,,,,
352,fraud,not_augmented_due_to_limit,,,,,,,
353,fraud,not_augmented_due_to_limit,,,,,,,
354,fraud,not_augmented_due_to_limit,,,,,,,
355,fraud,not_augmented_due_to_limit,,,,,,,
356,fraud,not_augmented_due_to_limit,,,,,,,
357,fraud,not_augmented_due_to_limit,,,,,,,
358,fraud,not_augmented_due_to_limit,,,,,,,
359,fraud,not_augmented_due_to_limit,,,,,,,
360,fraud,not_augmented_due_to_limit,,,,,,,
361,fraud,not_augmented_due_to_limit,,,,,,,
362,fraud,not_augmented_due_to_limit,,,,,,,
363,fraud,not_augmented_due_to_limit,,,,,,,
364,fraud,not_augmented_due_to_limit,,,,,,,
365,fraud,not_augmented_due_to_limit,,,,,,,
366,fraud,not_augmented_due_to_limit,,,,,,,
367,fraud,not_augmented_due_to_limit,,,,,,,
368,fraud,not_augmented_due_to_limit,,,,,,,
369,fraud,not_augmented_due_to_limit,,,,,,,
370,fraud,not_augmented_due_to_limit,,,,,,,
371,fraud,not_augmented_due_to_limit,,,,,,,
372,fraud,not_augmented_due_to_limit,,,,,,,
373,fraud,not_augmented_due_to_limit,,,,,,,
374,fraud,not_augmented_due_to_limit,,,,,,,
375,fraud,not_augmented_due_to_limit,,,,,,,
376,fraud,not_augmented_due_to_limit,,,,,,,
377,fraud,not_augmented_due_to_limit,,,,,,,
378,fraud,not_augmented_due_to_limit,,,,,,,
379,fraud,not_augmented_due_to_limit,,,,,,,
380,fraud,not_augmented_due_to_limit,,,,,,,
381,fraud,not_augmented_due_to_limit,,,,,,,
382,fraud,not_augmented_due_to_limit,,,,,,,
383,fraud,not_augmented_due_to_limit,,,,,,,
384,fraud,not_augmented_due_to_limit,,,,,,,
385,fraud,not_augmented_due_to_limit,,,,,,,
386,fraud,not_augmented_due_to_limit,,,,,,,
387,fraud,not_augmented_due_to_limit,,,,,,,
388,fraud,not_augmented_due_to_limit,,,,,,,
389,fraud,not_augmented_due_to_limit,,,,,,,
390,fraud,not_augmented_due_to_limit,,,,,,,
391,fraud,not_augmented_due_to_limit,,,,,,,
392,fraud,not_augmented_due_to_limit,,,,,,,
393,fraud,not_augmented_due_to_limit,,,,,,,
394,fraud,not_augmented_due_to_limit,,,,,,,
395,fraud,not_augmented_due_to_limit,,,,,,,
396,fraud,not_augmented_due_to_limit,,,,,,,
397,fraud,not_augmented_due_to_limit,,,,,,,
398,fraud,not_augmented_due_to_limit,,,,,,,
399,fraud,not_augmented_due_to_limit,,,,,,,
400,fraud,not_augmented_due_to_limit,,,,,,,
401,fraud,not_augmented_due_to_limit,,,,,,,
402,fraud,not_augmented_due_to_limit,,,,,,,
403,fraud,not_augmented_due_to_limit,,,,,,,
404,fraud,not_augmented_due_to_limit,,,,,,,
405,fraud,not_augmented_due_to_limit,,,,,,,
406,fraud,not_augmented_due_to_limit,,,,,,,
407,fraud,not_augmented_due_to_limit,,,,,,,
408,fraud,not_augmented_due_to_limit,,,,,,,
409,fraud,not_augmented_due_to_limit,,,,,,,
410,fraud,not_augmented_due_to_limit,,,,,,,
411,fraud,not_augmented_due_to_limit,,,,,,,
412,fraud,not_augmented_due_to_limit,,,,,,,
413,fraud,not_augmented_due_to_limit,,,,,,,
414,fraud,not_augmented_due_to_limit,,,,,,,
415,fraud,not_augmented_due_to_limit,,,,,,,
416,fraud,not_augmented_due_to_limit,,,,,,,
417,fraud,not_augmented_due_to_limit,,,,,,,
418,fraud,not_augmented_due_to_limit,,,,,,,
419,fraud,not_augmented_due_to_limit,,,,,,,
420,fraud,not_augmented_due_to_limit,,,,,,,
421,fraud,not_augmented_due_to_limit,,,,,,,
422,fraud,not_augmented_due_to_limit,,,,,,,
423,fraud,not_augmented_due_to_limit,,,,,,,
424,fraud,not_augmented_due_to_limit,,,,,,,
425,fraud,not_augmented_due_to_limit,,,,,,,
426,fraud,not_augmented_due_to_limit,,,,,,,
427,fraud,not_augmented_due_to_limit,,,,,,,
428,fraud,not_augmented_due_to_limit,,,,,,,
429,fraud,not_augmented_due_to_limit,,,,,,,
430,fraud,not_augmented_due_to_limit,,,,,,,
431,fraud,not_augmented_due_to_limit,,,,,,,
432,fraud,not_augmented_due_to_limit,,,,,,,
433,fraud,not_augmented_due_to_limit,,,,,,,
434,fraud,not_augmented_due_to_limit,,,,,,,
435,fraud,not_augmented_due_to_limit,,,,,,,
436,fraud,not_augmented_due_to_limit,,,,,,,
437,fraud,not_augmented_due_to_limit,,,,,,,
438,fraud,not_augmented_due_to_limit,,,,,,,
439,fraud,not_augmented_due_to_limit,,,,,,,
440,fraud,not_augmented_due_to_limit,,,,,,,
441,fraud,not_augmented_due_to_limit,,,,,,,
442,fraud,not_augmented_due_to_limit,,,,,,,
443,fraud,not_augmented_due_to_limit,,,,,,,
444,fraud,not_augmented_due_to_limit,,,,,,,
445,fraud,not_augmented_due_to_limit,,,,,,,
446,fraud,not_augmented_due_to_limit,,,,,,,
447,fraud,not_augmented_due_to_limit,,,,,,,
448,fraud,not_augmented_due_to_limit,,,,,,,
449,fraud,not_augmented_due_to_limit,,,,,,,
450,fraud,not_augmented_due_to_limit,,,,,,,
451,fraud,not_augmented_due_to_limit,,,,,,,
452,fraud,not_augmented_due_to_limit,,,,,,,
453,fraud,not_augmented_due_to_limit,,,,,,,
454,fraud,not_augmented_due_to_limit,,,,,,,
455,fraud,not_augmented_due_to_limit,,,,,,,
456,fraud,not_augmented_due_to_limit,,,,,,,
457,fraud,not_augmented_due_to_limit,,,,,,,
458,fraud,not_augmented_due_to_limit,,,,,,,
459,fraud,not_augmented_due_to_limit,,,,,,,
460,fraud,not_augmented_due_to_limit,,,,,,,
461,fraud,not_augmented_due_to_limit,,,,,,,
462,fraud,not_augmented_due_to_limit,,,,,,,
463,fraud,not_augmented_due_to_limit,,,,,,,
464,fraud,not_augmented_due_to_limit,,,,,,,
465,fraud,not_augmented_due_to_limit,,,,,,,
466,fraud,not_augmented_due_to_limit,,,,,,,
467,fraud,not_augmented_due_to_limit,,,,,,,
468,fraud,not_augmented_due_to_limit,,,,,,,
469,fraud,not_augmented_due_to_limit,,,,,,,
470,fraud,not_augmented_due_to_limit,,,,,,,
471,fraud,not_augmented_due_to_limit,,,,,,,
472,fraud,not_augmented_due_to_limit,,,,,,,
473,fraud,not_augmented_due_to_limit,,,,,,,
474,fraud,not_augmented_due_to_limit,,,,,,,
475,fraud,not_augmented_due_to_limit,,,,,,,
476,fraud,not_augmented_due_to_limit,,,,,,,
477,fraud,not_augmented_due_to_limit,,,,,,,
478,fraud,not_augmented_due_to_limit,,,,,,,
479,fraud,not_augmented_due_to_limit,,,,,,,
480,fraud,not_augmented_due_to_limit,,,,,,,
481,fraud,not_augmented_due_to_limit,,,,,,,
482,fraud,not_augmented_due_to_limit,,,,,,,
483,fraud,not_augmented_due_to_limit,,,,,,,
484,fraud,not_augmented_due_to_limit,,,,,,,
485,fraud,not_augmented_due_to_limit,,,,,,,
486,fraud,not_augmented_due_to_limit,,,,,,,
487,fraud,not_augmented_due_to_limit,,,,,,,
488,fraud,not_augmented_due_to_limit,,,,,,,
489,fraud,not_augmented_due_to_limit,,,,,,,
490,fraud,not_augmented_due_to_limit,,,,,,,
491,fraud,not_augmented_due_to_limit,,,,,,,
492,fraud,not_augmented_due_to_limit,,,,,,,
493,fraud,not_augmented_due_to_limit,,,,,,,
494,fraud,not_augmented_due_to_limit,,,,,,,
495,fraud,not_augmented_due_to_limit,,,,,,,
496,fraud,not_augmented_due_to_limit,,,,,,,
497,fraud,not_augmented_due_to_limit,,,,,,,
498,fraud,not_augmented_due_to_limit,,,,,,,
499,fraud,not_augmented_due_to_limit,,,,,,,
500,fraud,not_augmented_due_to_limit,,,,,,,
501,fraud,not_augmented_due_to_limit,,,,,,,
502,fraud,not_augmented_due_to_limit,,,,,,,
503,fraud,not_augmented_due_to_limit,,,,,,,
504,fraud,not_augmented_due_to_limit,,,,,,,
505,fraud,not_augmented_due_to_limit,,,,,,,
506,fraud,not_augmented_due_to_limit,,,,,,,
507,fraud,not_augmented_due_to_limit,,,,,,,
508,fraud,not_augmented_due_to_limit,,,,,,,
509,fraud,not_augmented_due_to_limit,,,,,,,
510,fraud,not_augmented_due_to_limit,,,,,,,
511,fraud,not_augmented_due_to_limit,,,,,,,
512,fraud,not_augmented_due_to_limit,,,,,,,
513,fraud,not_augmented_due_to_limit,,,,,,,
514,fraud,not_augmented_due_to_limit,,,,,,,
515,fraud,not_augmented_due_to_limit,,,,,,,
516,fraud,not_augmented_due_to_limit,,,,,,,
517,fraud,not_augmented_due_to_limit,,,,,,,
518,fraud,not_augmented_due_to_limit,,,,,,,
519,fraud,not_augmented_due_to_limit,,,,,,,
520,fraud,not_augmented_due_to_limit,,,,,,,
521,fraud,not_augmented_due_to_limit,,,,,,,
522,fraud,not_augmented_due_to_limit,,,,,,,
523,fraud,not_augmented_due_to_limit,,,,,,,
524,fraud,not_augmented_due_to_limit,,,,,,,
525,fraud,not_augmented_due_to_limit,,,,,,,
526,fraud,not_augmented_due_to_limit,,,,,,,
527,fraud,not_augmented_due_to_limit,,,,,,,
528,fraud,not_augmented_due_to_limit,,,,,,,
529,fraud,not_augmented_due_to_limit,,,,,,,
530,fraud,not_augmented_due_to_limit,,,,,,,
531,fraud,not_augmented_due_to_limit,,,,,,,
532,fraud,not_augmented_due_to_limit,,,,,,,
533,fraud,not_augmented_due_to_limit,,,,,,,
534,fraud,not_augmented_due_to_limit,,,,,,,
535,fraud,not_augmented_due_to_limit,,,,,,,
536,fraud,not_augmented_due_to_limit,,,,,,,
537,fraud,not_augmented_due_to_limit,,,,,,,
538,fraud,not_augmented_due_to_limit,,,,,,,
539,fraud,not_augmented_due_to_limit,,,,,,,
540,fraud,not_augmented_due_to_limit,,,,,,,
541,fraud,not_augmented_due_to_limit,,,,,,,
542,fraud,not_augmented_due_to_limit,,,,,,,
543,fraud,not_augmented_due_to_limit,,,,,,,
544,fraud,not_augmented_due_to_limit,,,,,,,
545,fraud,not_augmented_due_to_limit,,,,,,,
546,fraud,not_augmented_due_to_limit,,,,,,,
547,fraud,not_augmented_due_to_limit,,,,,,,
548,fraud,not_augmented_due_to_limit,,,,,,,
549,fraud,not_augmented_due_to_limit,,,,,,,
550,fraud,not_augmented_due_to_limit,,,,,,,
551,fraud,not_augmented_due_to_limit,,,,,,,
552,fraud,not_augmented_due_to_limit,,,,,,,
553,fraud,not_augmented_due_to_limit,,,,,,,
554,fraud,not_augmented_due_to_limit,,,,,,,
555,fraud,not_augmented_due_to_limit,,,,,,,
556,fraud,not_augmented_due_to_limit,,,,,,,
557,fraud,not_augmented_due_to_limit,,,,,,,
558,fraud,not_augmented_due_to_limit,,,,,,,
559,fraud,not_augmented_due_to_limit,,,,,,,
560,fraud,not_augmented_due_to_limit,,,,,,,
561,fraud,not_augmented_due_to_limit,,,,,,,
562,fraud,not_augmented_due_to_limit,,,,,,,
563,fraud,not_augmented_due_to_limit,,,,,,,
564,fraud,not_augmented_due_to_limit,,,,,,,
565,fraud,not_augmented_due_to_limit,,,,,,,
566,fraud,not_augmented_due_to_limit,,,,,,,
567,fraud,not_augmented_due_to_limit,,,,,,,
568,fraud,not_augmented_due_to_limit,,,,,,,
569,fraud,not_augmented_due_to_limit,,,,,,,
570,fraud,not_augmented_due_to_limit,,,,,,,
571,fraud,not_augmented_due_to_limit,,,,,,,
572,fraud,not_augmented_due_to_limit,,,,,,,
573,fraud,not_augmented_due_to_limit,,,,,,,
574,fraud,not_augmented_due_to_limit,,,,,,,
575,fraud,not_augmented_due_to_limit,,,,,,,
576,fraud,not_augmented_due_to_limit,,,,,,,
577,fraud,not_augmented_due_to_limit,,,,,,,
578,fraud,not_augmented_due_to_limit,,,,,,,
579,fraud,not_augmented_due_to_limit,,,,,,,
580,fraud,not_augmented_due_to_limit,,,,,,,
581,fraud,not_augmented_due_to_limit,,,,,,,
582,fraud,not_augmented_due_to_limit,,,,,,,
583,fraud,not_augmented_due_to_limit,,,,,,,
584,fraud,not_augmented_due_to_limit,,,,,,,
585,fraud,not_augmented_due_to_limit,,,,,,,
586,fraud,not_augmented_due_to_limit,,,,,,,
587,fraud,not_augmented_due_to_limit,,,,,,,
588,fraud,not_augmented_due_to_limit,,,,,,,
589,fraud,not_augmented_due_to_limit,,,,,,,
590,fraud,not_augmented_due_to_limit,,,,,,,
591,fraud,not_augmented_due_to_limit,,,,,,,
592,fraud,not_augmented_due_to_limit,,,,,,,
593,fraud,not_augmented_due_to_limit,,,,,,,
594,fraud,not_augmented_due_to_limit,,,,,,,
595,fraud,not_augmented_due_to_limit,,,,,,,
596,fraud,not_augmented_due_to_limit,,,,,,,
597,fraud,not_augmented_due_to_limit,,,,,,,
598,fraud,not_augmented_due_to_limit,,,,,,,
599,fraud,not_augmented_due_to_limit,,,,,,,
600,fraud,not_augmented_due_to_limit,,,,,,,
601,fraud,not_augmented_due_to_limit,,,,,,,
602,fraud,not_augmented_due_to_limit,,,,,,,
603,fraud,not_augmented_due_to_limit,,,,,,,
604,fraud,not_augmented_due_to_limit,,,,,,,
605,fraud,not_augmented_due_to_limit,,,,,,,
606,fraud,not_augmented_due_to_limit,,,,,,,
607,fraud,not_augmented_due_to_limit,,,,,,,
608,fraud,not_augmented_due_to_limit,,,,,,,
609,fraud,not_augmented_due_to_limit,,,,,,,
610,fraud,not_augmented_due_to_limit,,,,,,,
611,fraud,not_augmented_due_to_limit,,,,,,,
612,fraud,not_augmented_due_to_limit,,,,,,,
613,fraud,not_augmented_due_to_limit,,,,,,,
614,fraud,not_augmented_due_to_limit,,,,,,,
615,fraud,not_augmented_due_to_limit,,,,,,,
616,fraud,not_augmented_due_to_limit,,,,,,,
617,fraud,not_augmented_due_to_limit,,,,,,,
618,fraud,not_augmented_due_to_limit,,,,,,,
619,fraud,not_augmented_due_to_limit,,,,,,,
620,fraud,not_augmented_due_to_limit,,,,,,,
621,fraud,not_augmented_due_to_limit,,,,,,,
622,fraud,not_augmented_due_to_limit,,,,,,,
623,fraud,not_augmented_due_to_limit,,,,,,,
624,fraud,not_augmented_due_to_limit,,,,,,,
625,fraud,not_augmented_due_to_limit,,,,,,,
626,fraud,not_augmented_due_to_limit,,,,,,,
627,fraud,not_augmented_due_to_limit,,,,,,,
628,fraud,not_augmented_due_to_limit,,,,,,,
629,fraud,not_augmented_due_to_limit,,,,,,,
630,fraud,not_augmented_due_to_limit,,,,,,,
631,fraud,not_augmented_due_to_limit,,,,,,,
632,fraud,not_augmented_due_to_limit,,,,,,,
633,fraud,not_augmented_due_to_limit,,,,,,,
634,fraud,not_augmented_due_to_limit,,,,,,,
635,fraud,not_augmented_due_to_limit,,,,,,,
636,fraud,not_augmented_due_to_limit,,,,,,,
637,fraud,not_augmented_due_to_limit,,,,,,,
638,fraud,not_augmented_due_to_limit,,,,,,,
639,fraud,not_augmented_due_to_limit,,,,,,,
640,fraud,not_augmented_due_to_limit,,,,,,,
641,fraud,not_augmented_due_to_limit,,,,,,,
642,fraud,not_augmented_due_to_limit,,,,,,,
643,fraud,not_augmented_due_to_limit,,,,,,,
644,fraud,not_augmented_due_to_limit,,,,,,,
645,fraud,not_augmented_due_to_limit,,,,,,,
646,fraud,not_augmented_due_to_limit,,,,,,,
647,fraud,not_augmented_due_to_limit,,,,,,,
648,fraud,not_augmented_due_to_limit,,,,,,,
649,fraud,not_augmented_due_to_limit,,,,,,,
650,fraud,not_augmented_due_to_limit,,,,,,,
651,fraud,not_augmented_due_to_limit,,,,,,,
652,fraud,not_augmented_due_to_limit,,,,,,,
653,fraud,not_augmented_due_to_limit,,,,,,,
654,fraud,not_augmented_due_to_limit,,,,,,,
655,fraud,not_augmented_due_to_limit,,,,,,,
656,fraud,not_augmented_due_to_limit,,,,,,,
657,fraud,not_augmented_due_to_limit,,,,,,,
658,fraud,not_augmented_due_to_limit,,,,,,,
659,fraud,not_augmented_due_to_limit,,,,,,,
660,fraud,not_augmented_due_to_limit,,,,,,,
661,fraud,not_augmented_due_to_limit,,,,,,,
662,fraud,not_augmented_due_to_limit,,,,,,,
663,fraud,not_augmented_due_to_limit,,,,,,,
664,fraud,not_augmented_due_to_limit,,,,,,,
665,fraud,not_augmented_due_to_limit,,,,,,,
666,fraud,not_augmented_due_to_limit,,,,,,,
667,fraud,not_augmented_due_to_limit,,,,,,,
668,fraud,not_augmented_due_to_limit,,,,,,,
669,fraud,not_augmented_due_to_limit,,,,,,,
670,fraud,not_augmented_due_to_limit,,,,,,,
671,fraud,not_augmented_due_to_limit,,,,,,,
672,fraud,not_augmented_due_to_limit,,,,,,,
673,fraud,not_augmented_due_to_limit,,,,,,,
674,fraud,not_augmented_due_to_limit,,,,,,,
675,fraud,not_augmented_due_to_limit,,,,,,,
676,fraud,not_augmented_due_to_limit,,,,,,,
677,fraud,not_augmented_due_to_limit,,,,,,,
678,fraud,not_augmented_due_to_limit,,,,,,,
679,fraud,not_augmented_due_to_limit,,,,,,,
680,fraud,not_augmented_due_to_limit,,,,,,,
681,fraud,not_augmented_due_to_limit,,,,,,,
682,fraud,not_augmented_due_to_limit,,,,,,,
683,fraud,not_augmented_due_to_limit,,,,,,,
684,fraud,not_augmented_due_to_limit,,,,,,,
685,fraud,not_augmented_due_to_limit,,,,,,,
686,fraud,not_augmented_due_to_limit,,,,,,,
687,fraud,not_augmented_due_to_limit,,,,,,,
688,fraud,not_augmented_due_to_limit,,,,,,,
689,fraud,not_augmented_due_to_limit,,,,,,,
690,fraud,not_augmented_due_to_limit,,,,,,,
691,fraud,not_augmented_due_to_limit,,,,,,,
692,fraud,not_augmented_due_to_limit,,,,,,,
693,fraud,not_augmented_due_to_limit,,,,,,,
694,fraud,not_augmented_due_to_limit,,,,,,,
695,fraud,not_augmented_due_to_limit,,,,,,,
696,fraud,not_augmented_due_to_limit,,,,,,,
697,fraud,not_augmented_due_to_limit,,,,,,,
698,fraud,not_augmented_due_to_limit,,,,,,,
699,fraud,not_augmented_due_to_limit,,,,,,,
700,fraud,not_augmented_due_to_limit,,,,,,,
701,fraud,not_augmented_due_to_limit,,,,,,,
702,fraud,not_augmented_due_to_limit,,,,,,,
703,fraud,not_augmented_due_to_limit,,,,,,,
704,fraud,not_augmented_due_to_limit,,,,,,,
705,fraud,not_augmented_due_to_limit,,,,,,,
706,fraud,not_augmented_due_to_limit,,,,,,,
707,fraud,not_augmented_due_to_limit,,,,,,,
708,fraud,not_augmented_due_to_limit,,,,,,,
709,fraud,not_augmented_due_to_limit,,,,,,,
710,fraud,not_augmented_due_to_limit,,,,,,,
711,fraud,not_augmented_due_to_limit,,,,,,,
712,fraud,not_augmented_due_to_limit,,,,,,,
713,fraud,not_augmented_due_to_limit,,,,,,,
714,fraud,not_augmented_due_to_limit,,,,,,,
715,fraud,not_augmented_due_to_limit,,,,,,,
716,fraud,not_augmented_due_to_limit,,,,,,,
717,fraud,not_augmented_due_to_limit,,,,,,,
718,fraud,not_augmented_due_to_limit,,,,,,,
719,fraud,not_augmented_due_to_limit,,,,,,,
720,fraud,not_augmented_due_to_limit,,,,,,,
721,fraud,not_augmented_due_to_limit,,,,,,,
722,fraud,not_augmented_due_to_limit,,,,,,,
723,fraud,not_augmented_due_to_limit,,,,,,,
724,fraud,not_augmented_due_to_limit,,,,,,,
725,fraud,not_augmented_due_to_limit,,,,,,,
726,fraud,not_augmented_due_to_limit,,,,,,,
727,fraud,not_augmented_due_to_limit,,,,,,,
728,fraud,not_augmented_due_to_limit,,,,,,,
729,fraud,not_augmented_due_to_limit,,,,,,,
730,fraud,not_augmented_due_to_limit,,,,,,,
731,fraud,not_augmented_due_to_limit,,,,,,,
732,fraud,not_augmented_due_to_limit,,,,,,,
733,fraud,not_augmented_due_to_limit,,,,,,,
734,fraud,not_augmented_due_to_limit,,,,,,,
735,fraud,not_augmented_due_to_limit,,,,,,,
736,fraud,not_augmented_due_to_limit,,,,,,,
737,fraud,not_augmented_due_to_limit,,,,,,,
738,fraud,not_augmented_due_to_limit,,,,,,,
739,fraud,not_augmented_due_to_limit,,,,,,,
740,fraud,not_augmented_due_to_limit,,,,,,,
741,fraud,not_augmented_due_to_limit,,,,,,,
742,fraud,not_augmented_due_to_limit,,,,,,,
743,fraud,not_augmented_due_to_limit,,,,,,,
744,fraud,not_augmented_due_to_limit,,,,,,,
745,fraud,not_augmented_due_to_limit,,,,,,,
746,fraud,not_augmented_due_to_limit,,,,,,,
747,fraud,not_augmented_due_to_limit,,,,,,,
748,fraud,not_augmented_due_to_limit,,,,,,,
749,fraud,not_augmented_due_to_limit,,,,,,,
750,fraud,not_augmented_due_to_limit,,,,,,,
751,fraud,not_augmented_due_to_limit,,,,,,,
752,fraud,not_augmented_due_to_limit,,,,,,,
753,fraud,not_augmented_due_to_limit,,,,,,,
754,fraud,not_augmented_due_to_limit,,,,,,,
755,fraud,not_augmented_due_to_limit,,,,,,,
756,fraud,not_augmented_due_to_limit,,,,,,,
757,fraud,not_augmented_due_to_limit,,,,,,,
758,fraud,not_augmented_due_to_limit,,,,,,,
759,fraud,not_augmented_due_to_limit,,,,,,,
760,fraud,not_augmented_due_to_limit,,,,,,,
761,fraud,not_augmented_due_to_limit,,,,,,,
762,fraud,not_augmented_due_to_limit,,,,,,,
763,fraud,not_augmented_due_to_limit,,,,,,,
764,fraud,not_augmented_due_to_limit,,,,,,,
765,fraud,not_augmented_due_to_limit,,,,,,,
766,fraud,not_augmented_due_to_limit,,,,,,,
767,fraud,not_augmented_due_to_limit,,,,,,,
768,fraud,not_augmented_due_to_limit,,,,,,,
769,fraud,not_augmented_due_to_limit,,,,,,,
770,fraud,not_augmented_due_to_limit,,,,,,,
771,fraud,not_augmented_due_to_limit,,,,,,,
772,fraud,not_augmented_due_to_limit,,,,,,,
773,fraud,not_augmented_due_to_limit,,,,,,,
774,fraud,not_augmented_due_to_limit,,,,,,,
775,fraud,not_augmented_due_to_limit,,,,,,,
776,fraud,not_augmented_due_to_limit,,,,,,,
777,fraud,not_augmented_due_to_limit,,,,,,,
778,fraud,not_augmented_due_to_limit,,,,,,,
779,fraud,not_augmented_due_to_limit,,,,,,,
780,fraud,not_augmented_due_to_limit,,,,,,,
781,fraud,not_augmented_due_to_limit,,,,,,,
782,fraud,not_augmented_due_to_limit,,,,,,,
783,fraud,not_augmented_due_to_limit,,,,,,,
784,fraud,not_augmented_due_to_limit,,,,,,,
785,fraud,not_augmented_due_to_limit,,,,,,,
786,fraud,not_augmented_due_to_limit,,,,,,,
787,fraud,not_augmented_due_to_limit,,,,,,,
788,fraud,not_augmented_due_to_limit,,,,,,,
789,fraud,not_augmented_due_to_limit,,,,,,,
790,fraud,not_augmented_due_to_limit,,,,,,,
791,fraud,not_augmented_due_to_limit,,,,,,,
792,fraud,not_augmented_due_to_limit,,,,,,,
793,fraud,not_augmented_due_to_limit,,,,,,,
794,fraud,not_augmented_due_to_limit,,,,,,,
795,fraud,not_augmented_due_to_limit,,,,,,,
796,fraud,not_augmented_due_to_limit,,,,,,,
797,fraud,not_augmented_due_to_limit,,,,,,,
798,fraud,not_augmented_due_to_limit,,,,,,,
799,fraud,not_augmented_due_to_limit,,,,,,,
800,fraud,not_augmented_due_to_limit,,,,,,,
801,fraud,not_augmented_due_to_limit,,,,,,,
802,fraud,not_augmented_due_to_limit,,,,,,,
803,fraud,not_augmented_due_to_limit,,,,,,,
804,fraud,not_augmented_due_to_limit,,,,,,,
805,fraud,not_augmented_due_to_limit,,,,,,,
806,fraud,not_augmented_due_to_limit,,,,,,,
807,fraud,not_augmented_due_to_limit,,,,,,,
808,fraud,not_augmented_due_to_limit,,,,,,,
809,fraud,not_augmented_due_to_limit,,,,,,,
810,fraud,not_augmented_due_to_limit,,,,,,,
811,fraud,not_augmented_due_to_limit,,,,,,,
812,fraud,not_augmented_due_to_limit,,,,,,,
813,fraud,not_augmented_due_to_limit,,,,,,,
814,fraud,not_augmented_due_to_limit,,,,,,,
815,fraud,not_augmented_due_to_limit,,,,,,,
816,fraud,not_augmented_due_to_limit,,,,,,,
817,fraud,not_augmented_due_to_limit,,,,,,,
818,fraud,not_augmented_due_to_limit,,,,,,,
819,fraud,not_augmented_due_to_limit,,,,,,,
820,fraud,not_augmented_due_to_limit,,,,,,,
821,fraud,not_augmented_due_to_limit,,,,,,,
822,fraud,not_augmented_due_to_limit,,,,,,,
823,fraud,not_augmented_due_to_limit,,,,,,,
824,fraud,not_augmented_due_to_limit,,,,,,,
825,fraud,not_augmented_due_to_limit,,,,,,,
826,fraud,not_augmented_due_to_limit,,,,,,,
827,fraud,not_augmented_due_to_limit,,,,,,,
828,fraud,not_augmented_due_to_limit,,,,,,,
829,fraud,not_augmented_due_to_limit,,,,,,,
830,fraud,not_augmented_due_to_limit,,,,,,,
831,fraud,not_augmented_due_to_limit,,,,,,,
832,fraud,not_augmented_due_to_limit,,,,,,,
833,fraud,not_augmented_due_to_limit,,,,,,,
834,fraud,not_augmented_due_to_limit,,,,,,,
835,fraud,not_augmented_due_to_limit,,,,,,,
836,fraud,not_augmented_due_to_limit,,,,,,,
837,fraud,not_augmented_due_to_limit,,,,,,,
838,fraud,not_augmented_due_to_limit,,,,,,,
839,fraud,not_augmented_due_to_limit,,,,,,,
840,fraud,not_augmented_due_to_limit,,,,,,,
841,fraud,not_augmented_due_to_limit,,,,,,,
842,fraud,not_augmented_due_to_limit,,,,,,,
843,fraud,not_augmented_due_to_limit,,,,,,,
844,fraud,not_augmented_due_to_limit,,,,,,,
845,fraud,not_augmented_due_to_limit,,,,,,,
846,fraud,not_augmented_due_to_limit,,,,,,,
847,fraud,not_augmented_due_to_limit,,,,,,,
848,fraud,not_augmented_due_to_limit,,,,,,,
849,fraud,not_augmented_due_to_limit,,,,,,,
850,fraud,not_augmented_due_to_limit,,,,,,,
851,fraud,not_augmented_due_to_limit,,,,,,,
852,fraud,not_augmented_due_to_limit,,,,,,,
853,fraud,not_augmented_due_to_limit,,,,,,,
854,fraud,not_augmented_due_to_limit,,,,,,,
855,fraud,not_augmented_due_to_limit,,,,,,,
856,fraud,not_augmented_due_to_limit,,,,,,,
857,fraud,not_augmented_due_to_limit,,,,,,,
858,fraud,not_augmented_due_to_limit,,,,,,,
859,fraud,not_augmented_due_to_limit,,,,,,,
860,fraud,not_augmented_due_to_limit,,,,,,,
861,fraud,not_augmented_due_to_limit,,,,,,,
862,fraud,not_augmented_due_to_limit,,,,,,,
863,fraud,not_augmented_due_to_limit,,,,,,,
864,fraud,not_augmented_due_to_limit,,,,,,,
865,fraud,not_augmented_due_to_limit,,,,,,,
866,fraud,not_augmented_due_to_limit,,,,,,,
867,fraud,not_augmented_due_to_limit,,,,,,,
868,fraud,not_augmented_due_to_limit,,,,,,,
869,fraud,not_augmented_due_to_limit,,,,,,,
870,fraud,not_augmented_due_to_limit,,,,,,,
871,fraud,not_augmented_due_to_limit,,,,,,,
872,fraud,not_augmented_due_to_limit,,,,,,,
873,fraud,not_augmented_due_to_limit,,,,,,,
874,fraud,not_augmented_due_to_limit,,,,,,,
875,fraud,not_augmented_due_to_limit,,,,,,,
876,fraud,not_augmented_due_to_limit,,,,,,,
877,fraud,not_augmented_due_to_limit,,,,,,,
878,fraud,not_augmented_due_to_limit,,,,,,,
879,fraud,not_augmented_due_to_limit,,,,,,,
880,fraud,not_augmented_due_to_limit,,,,,,,
881,fraud,not_augmented_due_to_limit,,,,,,,
882,fraud,not_augmented_due_to_limit,,,,,,,
883,fraud,not_augmented_due_to_limit,,,,,,,
884,fraud,not_augmented_due_to_limit,,,,,,,
885,fraud,not_augmented_due_to_limit,,,,,,,
886,fraud,not_augmented_due_to_limit,,,,,,,
887,fraud,not_augmented_due_to_limit,,,,,,,
888,fraud,not_augmented_due_to_limit,,,,,,,
889,fraud,not_augmented_due_to_limit,,,,,,,
890,fraud,not_augmented_due_to_limit,,,,,,,
891,fraud,not_augmented_due_to_limit,,,,,,,
892,fraud,not_augmented_due_to_limit,,,,,,,
893,fraud,not_augmented_due_to_limit,,,,,,,
894,fraud,not_augmented_due_to_limit,,,,,,,
895,fraud,not_augmented_due_to_limit,,,,,,,
896,fraud,not_augmented_due_to_limit,,,,,,,
897,fraud,not_augmented_due_to_limit,,,,,,,
898,fraud,not_augmented_due_to_limit,,,,,,,
899,fraud,not_augmented_due_to_limit,,,,,,,
900,fraud,not_augmented_due_to_limit,,,,,,,
901,fraud,not_augmented_due_to_limit,,,,,,,
902,fraud,not_augmented_due_to_limit,,,,,,,
903,fraud,not_augmented_due_to_limit,,,,,,,
904,fraud,not_augmented_due_to_limit,,,,,,,
905,fraud,not_augmented_due_to_limit,,,,,,,
906,fraud,not_augmented_due_to_limit,,,,,,,
907,fraud,not_augmented_due_to_limit,,,,,,,
908,fraud,not_augmented_due_to_limit,,,,,,,
909,fraud,not_augmented_due_to_limit,,,,,,,
910,fraud,not_augmented_due_to_limit,,,,,,,
911,fraud,not_augmented_due_to_limit,,,,,,,
912,fraud,not_augmented_due_to_limit,,,,,,,
913,fraud,not_augmented_due_to_limit,,,,,,,
914,fraud,not_augmented_due_to_limit,,,,,,,
915,fraud,not_augmented_due_to_limit,,,,,,,
916,fraud,not_augmented_due_to_limit,,,,,,,
917,fraud,not_augmented_due_to_limit,,,,,,,
918,fraud,not_augmented_due_to_limit,,,,,,,
919,fraud,not_augmented_due_to_limit,,,,,,,
920,fraud,not_augmented_due_to_limit,,,,,,,
921,fraud,not_augmented_due_to_limit,,,,,,,
922,fraud,not_augmented_due_to_limit,,,,,,,
923,fraud,not_augmented_due_to_limit,,,,,,,
924,fraud,not_augmented_due_to_limit,,,,,,,
925,fraud,not_augmented_due_to_limit,,,,,,,
926,fraud,not_augmented_due_to_limit,,,,,,,
927,fraud,not_augmented_due_to_limit,,,,,,,
928,fraud,not_augmented_due_to_limit,,,,,,,
929,fraud,not_augmented_due_to_limit,,,,,,,
930,fraud,not_augmented_due_to_limit,,,,,,,
931,fraud,not_augmented_due_to_limit,,,,,,,
932,fraud,not_augmented_due_to_limit,,,,,,,
933,fraud,not_augmented_due_to_limit,,,,,,,
934,fraud,not_augmented_due_to_limit,,,,,,,
935,fraud,not_augmented_due_to_limit,,,,,,,
936,fraud,not_augmented_due_to_limit,,,,,,,
937,fraud,not_augmented_due_to_limit,,,,,,,
938,fraud,not_augmented_due_to_limit,,,,,,,
939,fraud,not_augmented_due_to_limit,,,,,,,
940,fraud,not_augmented_due_to_limit,,,,,,,
941,fraud,not_augmented_due_to_limit,,,,,,,
942,fraud,not_augmented_due_to_limit,,,,,,,
943,fraud,not_augmented_due_to_limit,,,,,,,
944,fraud,not_augmented_due_to_limit,,,,,,,
945,fraud,not_augmented_due_to_limit,,,,,,,
946,fraud,not_augmented_due_to_limit,,,,,,,
947,fraud,not_augmented_due_to_limit,,,,,,,
948,fraud,not_augmented_due_to_limit,,,,,,,
949,fraud,not_augmented_due_to_limit,,,,,,,
950,fraud,not_augmented_due_to_limit,,,,,,,
951,fraud,not_augmented_due_to_limit,,,,,,,
952,fraud,not_augmented_due_to_limit,,,,,,,
953,fraud,not_augmented_due_to_limit,,,,,,,
954,fraud,not_augmented_due_to_limit,,,,,,,
955,fraud,not_augmented_due_to_limit,,,,,,,
956,fraud,not_augmented_due_to_limit,,,,,,,
957,fraud,not_augmented_due_to_limit,,,,,,,
958,fraud,not_augmented_due_to_limit,,,,,,,
959,fraud,not_augmented_due_to_limit,,,,,,,
960,fraud,not_augmented_due_to_limit,,,,,,,
961,fraud,not_augmented_due_to_limit,,,,,,,
962,fraud,not_augmented_due_to_limit,,,,,,,
963,fraud,not_augmented_due_to_limit,,,,,,,
964,fraud,not_augmented_due_to_limit,,,,,,,
965,fraud,not_augmented_due_to_limit,,,,,,,
966,fraud,not_augmented_due_to_limit,,,,,,,
967,fraud,not_augmented_due_to_limit,,,,,,,
968,fraud,not_augmented_due_to_limit,,,,,,,
969,fraud,not_augmented_due_to_limit,,,,,,,
970,fraud,not_augmented_due_to_limit,,,,,,,
971,fraud,not_augmented_due_to_limit,,,,,,,
972,fraud,not_augmented_due_to_limit,,,,,,,
973,fraud,not_augmented_due_to_limit,,,,,,,
974,fraud,not_augmented_due_to_limit,,,,,,,
975,fraud,not_augmented_due_to_limit,,,,,,,
976,fraud,not_augmented_due_to_limit,,,,,,,
977,fraud,not_augmented_due_to_limit,,,,,,,
978,fraud,not_augmented_due_to_limit,,,,,,,
979,fraud,not_augmented_due_to_limit,,,,,,,
980,fraud,not_augmented_due_to_limit,,,,,,,
981,fraud,not_augmented_due_to_limit,,,,,,,
982,fraud,not_augmented_due_to_limit,,,,,,,
983,fraud,not_augmented_due_to_limit,,,,,,,
984,fraud,not_augmented_due_to_limit,,,,,,,
985,fraud,not_augmented_due_to_limit,,,,,,,
986,fraud,not_augmented_due_to_limit,,,,,,,
987,fraud,not_augmented_due_to_limit,,,,,,,
988,fraud,not_augmented_due_to_limit,,,,,,,
989,fraud,not_augmented_due_to_limit,,,,,,,
990,fraud,not_augmented_due_to_limit,,,,,,,
991,fraud,not_augmented_due_to_limit,,,,,,,
992,fraud,not_augmented_due_to_limit,,,,,,,
993,fraud,not_augmented_due_to_limit,,,,,,,
994,fraud,not_augmented_due_to_limit,,,,,,,
995,fraud,not_augmented_due_to_limit,,,,,,,
996,fraud,not_augmented_due_to_limit,,,,,,,
997,fraud,not_augmented_due_to_limit,,,,,,,
998,fraud,not_augmented_due_to_limit,,,,,,,
999,fraud,not_augmented_due_to_limit,,,,,,,
1000,fraud,not_augmented_due_to_limit,,,,,,,
1001,fraud,not_augmented_due_to_limit,,,,,,,
1002,fraud,not_augmented_due_to_limit,,,,,,,
1003,fraud,not_augmented_due_to_limit,,,,,,,
1004,fraud,not_augmented_due_to_limit,,,,,,,
1005,fraud,not_augmented_due_to_limit,,,,,,,
1006,fraud,not_augmented_due_to_limit,,,,,,,
1007,fraud,not_augmented_due_to_limit,,,,,,,
1008,fraud,not_augmented_due_to_limit,,,,,,,
1009,fraud,not_augmented_due_to_limit,,,,,,,
1010,fraud,not_augmented_due_to_limit,,,,,,,
1011,fraud,not_augmented_due_to_limit,,,,,,,
1012,fraud,not_augmented_due_to_limit,,,,,,,
1013,fraud,not_augmented_due_to_limit,,,,,,,
1014,fraud,not_augmented_due_to_limit,,,,,,,
1015,fraud,not_augmented_due_to_limit,,,,,,,
1016,fraud,not_augmented_due_to_limit,,,,,,,
1017,fraud,not_augmented_due_to_limit,,,,,,,
1018,fraud,not_augmented_due_to_limit,,,,,,,
1019,fraud,not_augmented_due_to_limit,,,,,,,
1020,fraud,not_augmented_due_to_limit,,,,,,,
1021,fraud,not_augmented_due_to_limit,,,,,,,
1022,fraud,not_augmented_due_to_limit,,,,,,,
1023,fraud,not_augmented_due_to_limit,,,,,,,
1024,fraud,not_augmented_due_to_limit,,,,,,,
1025,fraud,not_augmented_due_to_limit,,,,,,,
1026,fraud,not_augmented_due_to_limit,,,,,,,
1027,fraud,not_augmented_due_to_limit,,,,,,,
1028,fraud,not_augmented_due_to_limit,,,,,,,
1029,fraud,not_augmented_due_to_limit,,,,,,,
1030,fraud,not_augmented_due_to_limit,,,,,,,
1031,fraud,not_augmented_due_to_limit,,,,,,,
1032,fraud,not_augmented_due_to_limit,,,,,,,
1033,fraud,not_augmented_due_to_limit,,,,,,,
1034,fraud,not_augmented_due_to_limit,,,,,,,
1035,fraud,not_augmented_due_to_limit,,,,,,,
1036,fraud,not_augmented_due_to_limit,,,,,,,
1037,fraud,not_augmented_due_to_limit,,,,,,,
1038,fraud,not_augmented_due_to_limit,,,,,,,
1039,fraud,not_augmented_due_to_limit,,,,,,,
1040,fraud,not_augmented_due_to_limit,,,,,,,
1041,fraud,not_augmented_due_to_limit,,,,,,,
1042,fraud,not_augmented_due_to_limit,,,,,,,
1043,fraud,not_augmented_due_to_limit,,,,,,,
1044,fraud,not_augmented_due_to_limit,,,,,,,
1045,fraud,not_augmented_due_to_limit,,,,,,,
1046,fraud,not_augmented_due_to_limit,,,,,,,
1047,fraud,not_augmented_due_to_limit,,,,,,,
1048,fraud,not_augmented_due_to_limit,,,,,,,
1049,fraud,not_augmented_due_to_limit,,,,,,,
1050,fraud,not_augmented_due_to_limit,,,,,,,
1051,fraud,not_augmented_due_to_limit,,,,,,,
1052,fraud,not_augmented_due_to_limit,,,,,,,
1053,fraud,not_augmented_due_to_limit,,,,,,,
1054,fraud,not_augmented_due_to_limit,,,,,,,
1055,fraud,not_augmented_due_to_limit,,,,,,,
1056,fraud,not_augmented_due_to_limit,,,,,,,
1057,fraud,not_augmented_due_to_limit,,,,,,,
1058,fraud,not_augmented_due_to_limit,,,,,,,
1059,fraud,not_augmented_due_to_limit,,,,,,,
1060,fraud,not_augmented_due_to_limit,,,,,,,
1061,fraud,not_augmented_due_to_limit,,,,,,,
1062,fraud,not_augmented_due_to_limit,,,,,,,
1063,fraud,not_augmented_due_to_limit,,,,,,,
1064,fraud,not_augmented_due_to_limit,,,,,,,
1065,fraud,not_augmented_due_to_limit,,,,,,,
1066,fraud,not_augmented_due_to_limit,,,,,,,
1067,fraud,not_augmented_due_to_limit,,,,,,,
1068,fraud,not_augmented_due_to_limit,,,,,,,
1069,fraud,not_augmented_due_to_limit,,,,,,,
1070,fraud,not_augmented_due_to_limit,,,,,,,
1071,fraud,not_augmented_due_to_limit,,,,,,,
1072,fraud,not_augmented_due_to_limit,,,,,,,
1073,fraud,not_augmented_due_to_limit,,,,,,,
1074,fraud,not_augmented_due_to_limit,,,,,,,
1075,fraud,not_augmented_due_to_limit,,,,,,,
1076,fraud,not_augmented_due_to_limit,,,,,,,
1077,fraud,not_augmented_due_to_limit,,,,,,,
1078,fraud,not_augmented_due_to_limit,,,,,,,
1079,fraud,not_augmented_due_to_limit,,,,,,,
1080,fraud,not_augmented_due_to_limit,,,,,,,
1081,fraud,not_augmented_due_to_limit,,,,,,,
1082,fraud,not_augmented_due_to_limit,,,,,,,
1083,fraud,not_augmented_due_to_limit,,,,,,,
1084,fraud,not_augmented_due_to_limit,,,,,,,
1085,fraud,not_augmented_due_to_limit,,,,,,,
1086,fraud,not_augmented_due_to_limit,,,,,,,
1087,fraud,not_augmented_due_to_limit,,,,,,,
1088,fraud,not_augmented_due_to_limit,,,,,,,
1089,fraud,not_augmented_due_to_limit,,,,,,,
1090,fraud,not_augmented_due_to_limit,,,,,,,
1091,fraud,not_augmented_due_to_limit,,,,,,,
1092,fraud,not_augmented_due_to_limit,,,,,,,
1093,fraud,not_augmented_due_to_limit,,,,,,,
1094,fraud,not_augmented_due_to_limit,,,,,,,
1095,fraud,not_augmented_due_to_limit,,,,,,,
1096,fraud,not_augmented_due_to_limit,,,,,,,
1097,fraud,not_augmented_due_to_limit,,,,,,,
1098,fraud,not_augmented_due_to_limit,,,,,,,
1099,fraud,not_augmented_due_to_limit,,,,,,,
1100,fraud,not_augmented_due_to_limit,,,,,,,
1101,fraud,not_augmented_due_to_limit,,,,,,,
1102,fraud,not_augmented_due_to_limit,,,,,,,
1103,fraud,not_augmented_due_to_limit,,,,,,,
1104,fraud,not_augmented_due_to_limit,,,,,,,
1105,fraud,not_augmented_due_to_limit,,,,,,,
1106,fraud,not_augmented_due_to_limit,,,,,,,
1107,fraud,not_augmented_due_to_limit,,,,,,,
1108,fraud,not_augmented_due_to_limit,,,,,,,
1109,fraud,not_augmented_due_to_limit,,,,,,,
1110,fraud,not_augmented_due_to_limit,,,,,,,
1111,fraud,not_augmented_due_to_limit,,,,,,,
1112,fraud,not_augmented_due_to_limit,,,,,,,
1113,fraud,not_augmented_due_to_limit,,,,,,,
1114,fraud,not_augmented_due_to_limit,,,,,,,
1115,fraud,not_augmented_due_to_limit,,,,,,,
1116,fraud,not_augmented_due_to_limit,,,,,,,
1117,fraud,not_augmented_due_to_limit,,,,,,,
1118,fraud,not_augmented_due_to_limit,,,,,,,
1119,fraud,not_augmented_due_to_limit,,,,,,,
1120,fraud,not_augmented_due_to_limit,,,,,,,
1121,fraud,not_augmented_due_to_limit,,,,,,,
1122,fraud,not_augmented_due_to_limit,,,,,,,
1123,fraud,not_augmented_due_to_limit,,,,,,,
1124,fraud,not_augmented_due_to_limit,,,,,,,
1125,fraud,not_augmented_due_to_limit,,,,,,,
1126,fraud,not_augmented_due_to_limit,,,,,,,
1127,fraud,not_augmented_due_to_limit,,,,,,,
1128,fraud,not_augmented_due_to_limit,,,,,,,
1129,fraud,not_augmented_due_to_limit,,,,,,,
1130,fraud,not_augmented_due_to_limit,,,,,,,
1131,fraud,not_augmented_due_to_limit,,,,,,,
1132,fraud,not_augmented_due_to_limit,,,,,,,
1133,fraud,not_augmented_due_to_limit,,,,,,,
1134,fraud,not_augmented_due_to_limit,,,,,,,
1135,fraud,not_augmented_due_to_limit,,,,,,,
1136,fraud,not_augmented_due_to_limit,,,,,,,
1137,fraud,not_augmented_due_to_limit,,,,,,,
1138,fraud,not_augmented_due_to_limit,,,,,,,
1139,fraud,not_augmented_due_to_limit,,,,,,,
1140,fraud,not_augmented_due_to_limit,,,,,,,
1141,fraud,not_augmented_due_to_limit,,,,,,,
1142,fraud,not_augmented_due_to_limit,,,,,,,
1143,fraud,not_augmented_due_to_limit,,,,,,,
1144,fraud,not_augmented_due_to_limit,,,,,,,
1145,fraud,not_augmented_due_to_limit,,,,,,,
1146,fraud,not_augmented_due_to_limit,,,,,,,
1147,fraud,not_augmented_due_to_limit,,,,,,,
1148,fraud,not_augmented_due_to_limit,,,,,,,
1149,fraud,not_augmented_due_to_limit,,,,,,,
1150,fraud,not_augmented_due_to_limit,,,,,,,
1151,fraud,not_augmented_due_to_limit,,,,,,,
1152,fraud,not_augmented_due_to_limit,,,,,,,
1153,fraud,not_augmented_due_to_limit,,,,,,,
1154,fraud,not_augmented_due_to_limit,,,,,,,
1155,fraud,not_augmented_due_to_limit,,,,,,,
1156,fraud,not_augmented_due_to_limit,,,,,,,
1157,fraud,not_augmented_due_to_limit,,,,,,,
1158,fraud,not_augmented_due_to_limit,,,,,,,
1159,fraud,not_augmented_due_to_limit,,,,,,,
1160,fraud,not_augmented_due_to_limit,,,,,,,
1161,fraud,not_augmented_due_to_limit,,,,,,,
1162,fraud,not_augmented_due_to_limit,,,,,,,
1163,fraud,not_augmented_due_to_limit,,,,,,,
1164,fraud,not_augmented_due_to_limit,,,,,,,
1165,fraud,not_augmented_due_to_limit,,,,,,,
1166,fraud,not_augmented_due_to_limit,,,,,,,
1167,fraud,not_augmented_due_to_limit,,,,,,,
1168,fraud,not_augmented_due_to_limit,,,,,,,
1169,fraud,not_augmented_due_to_limit,,,,,,,
1170,fraud,not_augmented_due_to_limit,,,,,,,
1171,fraud,not_augmented_due_to_limit,,,,,,,
1172,fraud,not_augmented_due_to_limit,,,,,,,
1173,fraud,not_augmented_due_to_limit,,,,,,,
1174,fraud,not_augmented_due_to_limit,,,,,,,
1175,fraud,not_augmented_due_to_limit,,,,,,,
1176,fraud,not_augmented_due_to_limit,,,,,,,
1177,fraud,not_augmented_due_to_limit,,,,,,,
1178,fraud,not_augmented_due_to_limit,,,,,,,
1179,fraud,not_augmented_due_to_limit,,,,,,,
1180,fraud,not_augmented_due_to_limit,,,,,,,
1181,fraud,not_augmented_due_to_limit,,,,,,,
1182,fraud,not_augmented_due_to_limit,,,,,,,
1183,fraud,not_augmented_due_to_limit,,,,,,,
1184,fraud,not_augmented_due_to_limit,,,,,,,
1185,fraud,not_augmented_due_to_limit,,,,,,,
1186,fraud,not_augmented_due_to_limit,,,,,,,
1187,fraud,not_augmented_due_to_limit,,,,,,,
1188,fraud,not_augmented_due_to_limit,,,,,,,
1189,fraud,not_augmented_due_to_limit,,,,,,,
1190,fraud,not_augmented_due_to_limit,,,,,,,
1191,fraud,not_augmented_due_to_limit,,,,,,,
1192,fraud,not_augmented_due_to_limit,,,,,,,
1193,fraud,not_augmented_due_to_limit,,,,,,,
1194,fraud,not_augmented_due_to_limit,,,,,,,
1195,fraud,not_augmented_due_to_limit,,,,,,,
1196,fraud,not_augmented_due_to_limit,,,,,,,
1197,fraud,not_augmented_due_to_limit,,,,,,,
1198,fraud,not_augmented_due_to_limit,,,,,,,
1199,fraud,not_augmented_due_to_limit,,,,,,,
1200,fraud,not_augmented_due_to_limit,,,,,,,
1201,fraud,not_augmented_due_to_limit,,,,,,,
1202,fraud,not_augmented_due_to_limit,,,,,,,
1203,fraud,not_augmented_due_to_limit,,,,,,,
1204,fraud,not_augmented_due_to_limit,,,,,,,
1205,fraud,not_augmented_due_to_limit,,,,,,,
1206,fraud,not_augmented_due_to_limit,,,,,,,
1207,fraud,not_augmented_due_to_limit,,,,,,,
1208,fraud,not_augmented_due_to_limit,,,,,,,
1209,fraud,not_augmented_due_to_limit,,,,,,,
1210,fraud,not_augmented_due_to_limit,,,,,,,
1211,fraud,not_augmented_due_to_limit,,,,,,,
1212,fraud,not_augmented_due_to_limit,,,,,,,
1213,fraud,not_augmented_due_to_limit,,,,,,,
1214,fraud,not_augmented_due_to_limit,,,,,,,
1215,fraud,not_augmented_due_to_limit,,,,,,,
1216,fraud,not_augmented_due_to_limit,,,,,,,
1217,fraud,not_augmented_due_to_limit,,,,,,,
1218,fraud,not_augmented_due_to_limit,,,,,,,
1219,fraud,not_augmented_due_to_limit,,,,,,,
1220,fraud,not_augmented_due_to_limit,,,,,,,
1221,fraud,not_augmented_due_to_limit,,,,,,,
1222,fraud,not_augmented_due_to_limit,,,,,,,
1223,fraud,not_augmented_due_to_limit,,,,,,,
1224,fraud,not_augmented_due_to_limit,,,,,,,
1225,fraud,not_augmented_due_to_limit,,,,,,,
1226,fraud,not_augmented_due_to_limit,,,,,,,
1227,fraud,not_augmented_due_to_limit,,,,,,,
1228,fraud,not_augmented_due_to_limit,,,,,,,
1229,fraud,not_augmented_due_to_limit,,,,,,,
1230,fraud,not_augmented_due_to_limit,,,,,,,
1231,fraud,not_augmented_due_to_limit,,,,,,,
1232,fraud,not_augmented_due_to_limit,,,,,,,
1233,fraud,not_augmented_due_to_limit,,,,,,,
1234,fraud,not_augmented_due_to_limit,,,,,,,
1235,fraud,not_augmented_due_to_limit,,,,,,,
1236,fraud,not_augmented_due_to_limit,,,,,,,
1237,fraud,not_augmented_due_to_limit,,,,,,,
1238,fraud,not_augmented_due_to_limit,,,,,,,
1239,fraud,not_augmented_due_to_limit,,,,,,,
1240,fraud,not_augmented_due_to_limit,,,,,,,
1241,fraud,not_augmented_due_to_limit,,,,,,,
1242,fraud,not_augmented_due_to_limit,,,,,,,
1243,fraud,not_augmented_due_to_limit,,,,,,,
1244,fraud,not_augmented_due_to_limit,,,,,,,
1245,fraud,not_augmented_due_to_limit,,,,,,,
1246,fraud,not_augmented_due_to_limit,,,,,,,
1247,fraud,not_augmented_due_to_limit,,,,,,,
1248,fraud,not_augmented_due_to_limit,,,,,,,
1249,fraud,not_augmented_due_to_limit,,,,,,,
1250,fraud,not_augmented_due_to_limit,,,,,,,
1251,fraud,not_augmented_due_to_limit,,,,,,,
1252,fraud,not_augmented_due_to_limit,,,,,,,
1253,fraud,not_augmented_due_to_limit,,,,,,,
1254,fraud,not_augmented_due_to_limit,,,,,,,
1255,fraud,not_augmented_due_to_limit,,,,,,,
1256,fraud,not_augmented_due_to_limit,,,,,,,
1257,fraud,not_augmented_due_to_limit,,,,,,,
1258,fraud,not_augmented_due_to_limit,,,,,,,
1259,fraud,not_augmented_due_to_limit,,,,,,,
1260,fraud,not_augmented_due_to_limit,,,,,,,
1261,fraud,not_augmented_due_to_limit,,,,,,,
1262,fraud,not_augmented_due_to_limit,,,,,,,
1263,fraud,not_augmented_due_to_limit,,,,,,,
1264,fraud,not_augmented_due_to_limit,,,,,,,
1265,fraud,not_augmented_due_to_limit,,,,,,,
1266,fraud,not_augmented_due_to_limit,,,,,,,
1267,fraud,not_augmented_due_to_limit,,,,,,,
1268,fraud,not_augmented_due_to_limit,,,,,,,
1269,fraud,not_augmented_due_to_limit,,,,,,,
1270,fraud,not_augmented_due_to_limit,,,,,,,
1271,fraud,not_augmented_due_to_limit,,,,,,,
1272,fraud,not_augmented_due_to_limit,,,,,,,
1273,fraud,not_augmented_due_to_limit,,,,,,,
1274,fraud,not_augmented_due_to_limit,,,,,,,
1275,fraud,not_augmented_due_to_limit,,,,,,,
1276,fraud,not_augmented_due_to_limit,,,,,,,
1277,fraud,not_augmented_due_to_limit,,,,,,,
1278,fraud,not_augmented_due_to_limit,,,,,,,
1279,fraud,not_augmented_due_to_limit,,,,,,,
1280,fraud,not_augmented_due_to_limit,,,,,,,
1281,fraud,not_augmented_due_to_limit,,,,,,,
1282,fraud,not_augmented_due_to_limit,,,,,,,
1283,fraud,not_augmented_due_to_limit,,,,,,,
1284,fraud,not_augmented_due_to_limit,,,,,,,
1285,fraud,not_augmented_due_to_limit,,,,,,,
1286,fraud,not_augmented_due_to_limit,,,,,,,
1287,fraud,not_augmented_due_to_limit,,,,,,,
1288,fraud,not_augmented_due_to_limit,,,,,,,
1289,fraud,not_augmented_due_to_limit,,,,,,,
1290,fraud,not_augmented_due_to_limit,,,,,,,
1291,fraud,not_augmented_due_to_limit,,,,,,,
1292,fraud,not_augmented_due_to_limit,,,,,,,
1293,fraud,not_augmented_due_to_limit,,,,,,,
1294,fraud,not_augmented_due_to_limit,,,,,,,
1295,fraud,not_augmented_due_to_limit,,,,,,,
1296,fraud,not_augmented_due_to_limit,,,,,,,
1297,fraud,not_augmented_due_to_limit,,,,,,,
1298,fraud,not_augmented_due_to_limit,,,,,,,
1299,fraud,not_augmented_due_to_limit,,,,,,,
1300,fraud,not_augmented_due_to_limit,,,,,,,
1301,fraud,not_augmented_due_to_limit,,,,,,,
1302,fraud,not_augmented_due_to_limit,,,,,,,
1303,fraud,not_augmented_due_to_limit,,,,,,,
1304,fraud,not_augmented_due_to_limit,,,,,,,
1305,fraud,not_augmented_due_to_limit,,,,,,,
1306,fraud,not_augmented_due_to_limit,,,,,,,
1307,fraud,not_augmented_due_to_limit,,,,,,,
1308,fraud,not_augmented_due_to_limit,,,,,,,
1309,fraud,not_augmented_due_to_limit,,,,,,,
1310,fraud,not_augmented_due_to_limit,,,,,,,
1311,fraud,not_augmented_due_to_limit,,,,,,,
1312,fraud,not_augmented_due_to_limit,,,,,,,
1313,fraud,not_augmented_due_to_limit,,,,,,,
1314,fraud,not_augmented_due_to_limit,,,,,,,
1315,fraud,not_augmented_due_to_limit,,,,,,,
1316,fraud,not_augmented_due_to_limit,,,,,,,
1317,fraud,not_augmented_due_to_limit,,,,,,,
1318,fraud,not_augmented_due_to_limit,,,,,,,
1319,fraud,not_augmented_due_to_limit,,,,,,,
1320,fraud,not_augmented_due_to_limit,,,,,,,
1321,fraud,not_augmented_due_to_limit,,,,,,,
1322,fraud,not_augmented_due_to_limit,,,,,,,
1323,fraud,not_augmented_due_to_limit,,,,,,,
1324,fraud,not_augmented_due_to_limit,,,,,,,
1325,fraud,not_augmented_due_to_limit,,,,,,,
1326,fraud,not_augmented_due_to_limit,,,,,,,
1327,fraud,not_augmented_due_to_limit,,,,,,,
1328,fraud,not_augmented_due_to_limit,,,,,,,
1329,fraud,not_augmented_due_to_limit,,,,,,,
1330,fraud,not_augmented_due_to_limit,,,,,,,
1331,fraud,not_augmented_due_to_limit,,,,,,,
1332,fraud,not_augmented_due_to_limit,,,,,,,
1333,fraud,not_augmented_due_to_limit,,,,,,,
1334,fraud,not_augmented_due_to_limit,,,,,,,
1335,fraud,not_augmented_due_to_limit,,,,,,,
1336,fraud,not_augmented_due_to_limit,,,,,,,
1337,fraud,not_augmented_due_to_limit,,,,,,,
1338,fraud,not_augmented_due_to_limit,,,,,,,
1339,fraud,not_augmented_due_to_limit,,,,,,,
1340,fraud,not_augmented_due_to_limit,,,,,,,
1341,fraud,not_augmented_due_to_limit,,,,,,,
1342,fraud,not_augmented_due_to_limit,,,,,,,
1343,fraud,not_augmented_due_to_limit,,,,,,,
1344,fraud,not_augmented_due_to_limit,,,,,,,
1345,fraud,not_augmented_due_to_limit,,,,,,,
1346,fraud,not_augmented_due_to_limit,,,,,,,
1347,fraud,not_augmented_due_to_limit,,,,,,,
1348,fraud,not_augmented_due_to_limit,,,,,,,
1349,fraud,not_augmented_due_to_limit,,,,,,,
1350,fraud,not_augmented_due_to_limit,,,,,,,
1351,fraud,not_augmented_due_to_limit,,,,,,,
1352,fraud,not_augmented_due_to_limit,,,,,,,
1353,fraud,not_augmented_due_to_limit,,,,,,,
1354,fraud,not_augmented_due_to_limit,,,,,,,
1355,fraud,not_augmented_due_to_limit,,,,,,,
1356,fraud,not_augmented_due_to_limit,,,,,,,
1357,fraud,not_augmented_due_to_limit,,,,,,,
1358,normal,unchanged,,,,,,,
1359,normal,unchanged,,,,,,,
1360,normal,unchanged,,,,,,,
1361,normal,unchanged,,,,,,,
1362,normal,unchanged,,,,,,,
1363,normal,unchanged,,,,,,,
1364,normal,unchanged,,,,,,,
1365,normal,unchanged,,,,,,,
1366,normal,unchanged,,,,,,,
1367,normal,unchanged,,,,,,,
1368,normal,unchanged,,,,,,,
1369,normal,unchanged,,,,,,,
1370,normal,unchanged,,,,,,,
1371,normal,unchanged,,,,,,,
1372,normal,unchanged,,,,,,,
1373,normal,unchanged,,,,,,,
1374,normal,unchanged,,,,,,,
1375,normal,unchanged,,,,,,,
1376,normal,unchanged,,,,,,,
1377,normal,unchanged,,,,,,,
1378,normal,unchanged,,,,,,,
1379,normal,unchanged,,,,,,,
1380,normal,unchanged,,,,,,,
1381,normal,unchanged,,,,,,,
1382,normal,unchanged,,,,,,,
1383,normal,unchanged,,,,,,,
1384,normal,unchanged,,,,,,,
1385,normal,unchanged,,,,,,,
1386,normal,unchanged,,,,,,,
1387,normal,unchanged,,,,,,,
1388,normal,unchanged,,,,,,,
1389,normal,unchanged,,,,,,,
1390,normal,unchanged,,,,,,,
1391,normal,unchanged,,,,,,,
1392,normal,unchanged,,,,,,,
1393,normal,unchanged,,,,,,,
1394,normal,unchanged,,,,,,,
1395,normal,unchanged,,,,,,,
1396,normal,unchanged,,,,,,,
1397,normal,unchanged,,,,,,,
1398,normal,unchanged,,,,,,,
1399,normal,unchanged,,,,,,,
1400,normal,unchanged,,,,,,,
1401,normal,unchanged,,,,,,,
1402,normal,unchanged,,,,,,,
1403,normal,unchanged,,,,,,,
1404,normal,unchanged,,,,,,,
1405,normal,unchanged,,,,,,,
1406,normal,unchanged,,,,,,,
1407,normal,unchanged,,,,,,,
1408,normal,unchanged,,,,,,,
1409,normal,unchanged,,,,,,,
1410,normal,unchanged,,,,,,,
1411,normal,unchanged,,,,,,,
1412,normal,unchanged,,,,,,,
1413,normal,unchanged,,,,,,,
1414,normal,unchanged,,,,,,,
1415,normal,unchanged,,,,,,,
1416,normal,unchanged,,,,,,,
1417,normal,unchanged,,,,,,,
1418,normal,unchanged,,,,,,,
1419,normal,unchanged,,,,,,,
1420,normal,unchanged,,,,,,,
1421,normal,unchanged,,,,,,,
1422,normal,unchanged,,,,,,,
1423,normal,unchanged,,,,,,,
1424,normal,unchanged,,,,,,,
1425,normal,unchanged,,,,,,,
1426,normal,unchanged,,,,,,,
1427,normal,unchanged,,,,,,,
1428,normal,unchanged,,,,,,,
1429,normal,unchanged,,,,,,,
1430,normal,unchanged,,,,,,,
1431,normal,unchanged,,,,,,,
1432,normal,unchanged,,,,,,,
1433,normal,unchanged,,,,,,,
1434,normal,unchanged,,,,,,,
1435,normal,unchanged,,,,,,,
1436,normal,unchanged,,,,,,,
1437,normal,unchanged,,,,,,,
1438,normal,unchanged,,,,,,,
1439,normal,unchanged,,,,,,,
1440,normal,unchanged,,,,,,,
1441,normal,unchanged,,,,,,,
1442,normal,unchanged,,,,,,,
1443,normal,unchanged,,,,,,,
1444,normal,unchanged,,,,,,,
1445,normal,unchanged,,,,,,,
1446,normal,unchanged,,,,,,,
1447,normal,unchanged,,,,,,,
1448,normal,unchanged,,,,,,,
1449,normal,unchanged,,,,,,,
1450,normal,unchanged,,,,,,,
1451,normal,unchanged,,,,,,,
1452,normal,unchanged,,,,,,,
1453,normal,unchanged,,,,,,,
1454,normal,unchanged,,,,,,,
1455,normal,unchanged,,,,,,,
1456,normal,unchanged,,,,,,,
1457,normal,unchanged,,,,,,,
1458,normal,unchanged,,,,,,,
1459,normal,unchanged,,,,,,,
1460,normal,unchanged,,,,,,,
1461,normal,unchanged,,,,,,,
1462,normal,unchanged,,,,,,,
1463,normal,unchanged,,,,,,,
1464,normal,unchanged,,,,,,,
1465,normal,unchanged,,,,,,,
1466,normal,unchanged,,,,,,,
1467,normal,unchanged,,,,,,,
1468,normal,unchanged,,,,,,,
1469,normal,unchanged,,,,,,,
1470,normal,unchanged,,,,,,,
1471,normal,unchanged,,,,,,,
1472,normal,unchanged,,,,,,,
1473,normal,unchanged,,,,,,,
1474,normal,unchanged,,,,,,,
1475,normal,unchanged,,,,,,,
1476,normal,unchanged,,,,,,,
1477,normal,unchanged,,,,,,,
1478,normal,unchanged,,,,,,,
1479,normal,unchanged,,,,,,,
1480,normal,unchanged,,,,,,,
1481,normal,unchanged,,,,,,,
1482,normal,unchanged,,,,,,,
1483,normal,unchanged,,,,,,,
1484,normal,unchanged,,,,,,,
1485,normal,unchanged,,,,,,,
1486,normal,unchanged,,,,,,,
1487,normal,unchanged,,,,,,,
1488,normal,unchanged,,,,,,,
1489,normal,unchanged,,,,,,,
1490,normal,unchanged,,,,,,,
1491,normal,unchanged,,,,,,,
1492,normal,unchanged,,,,,,,
1493,normal,unchanged,,,,,,,
1494,normal,unchanged,,,,,,,
1495,normal,unchanged,,,,,,,
1496,normal,unchanged,,,,,,,
1497,normal,unchanged,,,,,,,
1498,normal,unchanged,,,,,,,
1499,normal,unchanged,,,,,,,
1500,normal,unchanged,,,,,,,
1501,normal,unchanged,,,,,,,
1502,normal,unchanged,,,,,,,
1503,normal,unchanged,,,,,,,
1504,normal,unchanged,,,,,,,
1505,normal,unchanged,,,,,,,
1506,normal,unchanged,,,,,,,
1507,normal,unchanged,,,,,,,
1508,normal,unchanged,,,,,,,
1509,normal,unchanged,,,,,,,
1510,normal,unchanged,,,,,,,
1511,normal,unchanged,,,,,,,
1512,normal,unchanged,,,,,,,
1513,normal,unchanged,,,,,,,
1514,normal,unchanged,,,,,,,
1515,normal,unchanged,,,,,,,
1516,normal,unchanged,,,,,,,
1517,normal,unchanged,,,,,,,
1518,normal,unchanged,,,,,,,
1519,normal,unchanged,,,,,,,
1520,normal,unchanged,,,,,,,
1521,normal,unchanged,,,,,,,
1522,normal,unchanged,,,,,,,
1523,normal,unchanged,,,,,,,
1524,normal,unchanged,,,,,,,
1525,normal,unchanged,,,,,,,
1526,normal,unchanged,,,,,,,
1527,normal,unchanged,,,,,,,
1528,normal,unchanged,,,,,,,
1529,normal,unchanged,,,,,,,
1530,normal,unchanged,,,,,,,
1531,normal,unchanged,,,,,,,
1532,normal,unchanged,,,,,,,
1533,normal,unchanged,,,,,,,
1534,normal,unchanged,,,,,,,
1535,normal,unchanged,,,,,,,
1536,normal,unchanged,,,,,,,
1537,normal,unchanged,,,,,,,
1538,normal,unchanged,,,,,,,
1539,normal,unchanged,,,,,,,
1540,normal,unchanged,,,,,,,
1541,normal,unchanged,,,,,,,
1542,normal,unchanged,,,,,,,
1543,normal,unchanged,,,,,,,
1544,normal,unchanged,,,,,,,
1545,normal,unchanged,,,,,,,
1546,normal,unchanged,,,,,,,
1547,normal,unchanged,,,,,,,
1548,normal,unchanged,,,,,,,
1549,normal,unchanged,,,,,,,
1550,normal,unchanged,,,,,,,
1551,normal,unchanged,,,,,,,
1552,normal,unchanged,,,,,,,
1553,normal,unchanged,,,,,,,
1554,normal,unchanged,,,,,,,
1555,normal,unchanged,,,,,,,
1556,normal,unchanged,,,,,,,
1557,normal,unchanged,,,,,,,
1558,normal,unchanged,,,,,,,
1559,normal,unchanged,,,,,,,
1560,normal,unchanged,,,,,,,
1561,normal,unchanged,,,,,,,
1562,normal,unchanged,,,,,,,
1563,normal,unchanged,,,,,,,
1564,normal,unchanged,,,,,,,
1565,normal,unchanged,,,,,,,
1566,normal,unchanged,,,,,,,
1567,normal,unchanged,,,,,,,
1568,normal,unchanged,,,,,,,
1569,normal,unchanged,,,,,,,
1570,normal,unchanged,,,,,,,
1571,normal,unchanged,,,,,,,
1572,normal,unchanged,,,,,,,
1573,normal,unchanged,,,,,,,
1574,normal,unchanged,,,,,,,
1575,normal,unchanged,,,,,,,
1576,normal,unchanged,,,,,,,
1577,normal,unchanged,,,,,,,
1578,normal,unchanged,,,,,,,
1579,normal,unchanged,,,,,,,
1580,normal,unchanged,,,,,,,
1581,normal,unchanged,,,,,,,
1582,normal,unchanged,,,,,,,
1583,normal,unchanged,,,,,,,
1584,normal,unchanged,,,,,,,
1585,normal,unchanged,,,,,,,
1586,normal,unchanged,,,,,,,
1587,normal,unchanged,,,,,,,
1588,normal,unchanged,,,,,,,
1589,normal,unchanged,,,,,,,
1590,normal,unchanged,,,,,,,
1591,normal,unchanged,,,,,,,
1592,normal,unchanged,,,,,,,
1593,normal,unchanged,,,,,,,
1594,normal,unchanged,,,,,,,
1595,normal,unchanged,,,,,,,
1596,normal,unchanged,,,,,,,
1597,normal,unchanged,,,,,,,
1598,normal,unchanged,,,,,,,
1599,normal,unchanged,,,,,,,
1600,normal,unchanged,,,,,,,
1601,normal,unchanged,,,,,,,
1602,normal,unchanged,,,,,,,
1603,normal,unchanged,,,,,,,
1604,normal,unchanged,,,,,,,
1605,normal,unchanged,,,,,,,
1606,normal,unchanged,,,,,,,
1607,normal,unchanged,,,,,,,
1608,normal,unchanged,,,,,,,
1609,normal,unchanged,,,,,,,
1610,normal,unchanged,,,,,,,
1611,normal,unchanged,,,,,,,
1612,normal,unchanged,,,,,,,
1613,normal,unchanged,,,,,,,
1614,normal,unchanged,,,,,,,
1615,normal,unchanged,,,,,,,
1616,normal,unchanged,,,,,,,
1617,normal,unchanged,,,,,,,
1618,normal,unchanged,,,,,,,
1619,normal,unchanged,,,,,,,
1620,normal,unchanged,,,,,,,
1621,normal,unchanged,,,,,,,
1622,normal,unchanged,,,,,,,
1623,normal,unchanged,,,,,,,
1624,normal,unchanged,,,,,,,
1625,normal,unchanged,,,,,,,
1626,normal,unchanged,,,,,,,
1627,normal,unchanged,,,,,,,
1628,normal,unchanged,,,,,,,
1629,normal,unchanged,,,,,,,
1630,normal,unchanged,,,,,,,
1631,normal,unchanged,,,,,,,
1632,normal,unchanged,,,,,,,
1633,normal,unchanged,,,,,,,
1634,normal,unchanged,,,,,,,
1635,normal,unchanged,,,,,,,
1636,normal,unchanged,,,,,,,
1637,normal,unchanged,,,,,,,
1638,normal,unchanged,,,,,,,
1639,normal,unchanged,,,,,,,
1640,normal,unchanged,,,,,,,
1641,normal,unchanged,,,,,,,
1642,normal,unchanged,,,,,,,
1643,normal,unchanged,,,,,,,
1644,normal,unchanged,,,,,,,
1645,normal,unchanged,,,,,,,
1646,normal,unchanged,,,,,,,
1647,normal,unchanged,,,,,,,
1648,normal,unchanged,,,,,,,
1649,normal,unchanged,,,,,,,
1650,normal,unchanged,,,,,,,
1651,normal,unchanged,,,,,,,
1652,normal,unchanged,,,,,,,
1653,normal,unchanged,,,,,,,
1654,normal,unchanged,,,,,,,
1655,normal,unchanged,,,,,,,
1656,normal,unchanged,,,,,,,
1657,normal,unchanged,,,,,,,
1658,normal,unchanged,,,,,,,
1659,normal,unchanged,,,,,,,
1660,normal,unchanged,,,,,,,
1661,normal,unchanged,,,,,,,
1662,normal,unchanged,,,,,,,
1663,normal,unchanged,,,,,,,
1664,normal,unchanged,,,,,,,
1665,normal,unchanged,,,,,,,
1666,normal,unchanged,,,,,,,
1667,normal,unchanged,,,,,,,
1668,normal,unchanged,,,,,,,
1669,normal,unchanged,,,,,,,
1670,normal,unchanged,,,,,,,
1671,normal,unchanged,,,,,,,
1672,normal,unchanged,,,,,,,
1673,normal,unchanged,,,,,,,
1674,normal,unchanged,,,,,,,
1675,normal,unchanged,,,,,,,
1676,normal,unchanged,,,,,,,
1677,normal,unchanged,,,,,,,
1678,normal,unchanged,,,,,,,
1679,normal,unchanged,,,,,,,
1680,normal,unchanged,,,,,,,
1681,normal,unchanged,,,,,,,
1682,normal,unchanged,,,,,,,
1683,normal,unchanged,,,,,,,
1684,normal,unchanged,,,,,,,
1685,normal,unchanged,,,,,,,
1686,normal,unchanged,,,,,,,
1687,normal,unchanged,,,,,,,
1688,normal,unchanged,,,,,,,
1689,normal,unchanged,,,,,,,
1690,normal,unchanged,,,,,,,
1691,normal,unchanged,,,,,,,
1692,normal,unchanged,,,,,,,
1693,normal,unchanged,,,,,,,
1694,normal,unchanged,,,,,,,
1695,normal,unchanged,,,,,,,
1696,normal,unchanged,,,,,,,
1697,normal,unchanged,,,,,,,
1698,normal,unchanged,,,,,,,
1699,normal,unchanged,,,,,,,
1700,normal,unchanged,,,,,,,
1701,normal,unchanged,,,,,,,
1702,normal,unchanged,,,,,,,
1703,normal,unchanged,,,,,,,
1704,normal,unchanged,,,,,,,
1705,normal,unchanged,,,,,,,
1706,normal,unchanged,,,,,,,
1707,normal,unchanged,,,,,,,
1708,normal,unchanged,,,,,,,
1709,normal,unchanged,,,,,,,
1710,normal,unchanged,,,,,,,
1711,normal,unchanged,,,,,,,
1712,normal,unchanged,,,,,,,
1713,normal,unchanged,,,,,,,
1714,normal,unchanged,,,,,,,
1715,normal,unchanged,,,,,,,
1716,normal,unchanged,,,,,,,
1717,normal,unchanged,,,,,,,
1718,normal,unchanged,,,,,,,
1719,normal,unchanged,,,,,,,
1720,normal,unchanged,,,,,,,
1721,normal,unchanged,,,,,,,
1722,normal,unchanged,,,,,,,
1723,normal,unchanged,,,,,,,
1724,normal,unchanged,,,,,,,
1725,normal,unchanged,,,,,,,
1726,normal,unchanged,,,,,,,
1727,normal,unchanged,,,,,,,
1728,normal,unchanged,,,,,,,
1729,normal,unchanged,,,,,,,
1730,normal,unchanged,,,,,,,
1731,normal,unchanged,,,,,,,
1732,normal,unchanged,,,,,,,
1733,normal,unchanged,,,,,,,
1734,normal,unchanged,,,,,,,
1735,normal,unchanged,,,,,,,
1736,normal,unchanged,,,,,,,
1737,normal,unchanged,,,,,,,
1738,normal,unchanged,,,,,,,
1739,normal,unchanged,,,,,,,
1740,normal,unchanged,,,,,,,
1741,normal,unchanged,,,,,,,
1742,normal,unchanged,,,,,,,
1743,normal,unchanged,,,,,,,
1744,normal,unchanged,,,,,,,
1745,normal,unchanged,,,,,,,
1746,normal,unchanged,,,,,,,
1747,normal,unchanged,,,,,,,
1748,normal,unchanged,,,,,,,
1749,normal,unchanged,,,,,,,
1750,normal,unchanged,,,,,,,
1751,normal,unchanged,,,,,,,
1752,normal,unchanged,,,,,,,
1753,normal,unchanged,,,,,,,
1754,normal,unchanged,,,,,,,
1755,normal,unchanged,,,,,,,
1756,normal,unchanged,,,,,,,
1757,normal,unchanged,,,,,,,
1758,normal,unchanged,,,,,,,
1759,normal,unchanged,,,,,,,
1760,normal,unchanged,,,,,,,
1761,normal,unchanged,,,,,,,
1762,normal,unchanged,,,,,,,
1763,normal,unchanged,,,,,,,
1764,normal,unchanged,,,,,,,
1765,normal,unchanged,,,,,,,
1766,normal,unchanged,,,,,,,
1767,normal,unchanged,,,,,,,
1768,normal,unchanged,,,,,,,
1769,normal,unchanged,,,,,,,
1770,normal,unchanged,,,,,,,
1771,normal,unchanged,,,,,,,
1772,normal,unchanged,,,,,,,
1773,normal,unchanged,,,,,,,
1774,normal,unchanged,,,,,,,
1775,normal,unchanged,,,,,,,
1776,normal,unchanged,,,,,,,
1777,normal,unchanged,,,,,,,
1778,normal,unchanged,,,,,,,
1779,normal,unchanged,,,,,,,
1780,normal,unchanged,,,,,,,
1781,normal,unchanged,,,,,,,
1782,normal,unchanged,,,,,,,
1783,normal,unchanged,,,,,,,
1784,normal,unchanged,,,,,,,
1785,normal,unchanged,,,,,,,
1786,normal,unchanged,,,,,,,
1787,normal,unchanged,,,,,,,
1788,normal,unchanged,,,,,,,
1789,normal,unchanged,,,,,,,
1790,normal,unchanged,,,,,,,
1791,normal,unchanged,,,,,,,
1792,normal,unchanged,,,,,,,
1793,normal,unchanged,,,,,,,
1794,normal,unchanged,,,,,,,
1795,normal,unchanged,,,,,,,
1796,normal,unchanged,,,,,,,
1797,normal,unchanged,,,,,,,
1798,normal,unchanged,,,,,,,
1799,normal,unchanged,,,,,,,
1800,normal,unchanged,,,,,,,
1801,normal,unchanged,,,,,,,
1802,normal,unchanged,,,,,,,
1803,normal,unchanged,,,,,,,
1804,normal,unchanged,,,,,,,
1805,normal,unchanged,,,,,,,
1806,normal,unchanged,,,,,,,
1807,normal,unchanged,,,,,,,
1808,normal,unchanged,,,,,,,
1809,normal,unchanged,,,,,,,
1810,normal,unchanged,,,,,,,
1811,normal,unchanged,,,,,,,
1812,normal,unchanged,,,,,,,
1813,normal,unchanged,,,,,,,
1814,normal,unchanged,,,,,,,
1815,normal,unchanged,,,,,,,
1816,normal,unchanged,,,,,,,
1817,normal,unchanged,,,,,,,
1818,normal,unchanged,,,,,,,
1819,normal,unchanged,,,,,,,
1820,normal,unchanged,,,,,,,
1821,normal,unchanged,,,,,,,
1822,normal,unchanged,,,,,,,
1823,normal,unchanged,,,,,,,
1824,normal,unchanged,,,,,,,
1825,normal,unchanged,,,,,,,
1826,normal,unchanged,,,,,,,
1827,normal,unchanged,,,,,,,
1828,normal,unchanged,,,,,,,
1829,normal,unchanged,,,,,,,
1830,normal,unchanged,,,,,,,
1831,normal,unchanged,,,,,,,
1832,normal,unchanged,,,,,,,
1833,normal,unchanged,,,,,,,
1834,normal,unchanged,,,,,,,
1835,normal,unchanged,,,,,,,
1836,normal,unchanged,,,,,,,
1837,normal,unchanged,,,,,,,
1838,normal,unchanged,,,,,,,
1839,normal,unchanged,,,,,,,
1840,normal,unchanged,,,,,,,
1841,normal,unchanged,,,,,,,
1842,normal,unchanged,,,,,,,
1843,normal,unchanged,,,,,,,
1844,normal,unchanged,,,,,,,
1845,normal,unchanged,,,,,,,
1846,normal,unchanged,,,,,,,
1847,normal,unchanged,,,,,,,
1848,normal,unchanged,,,,,,,
1849,normal,unchanged,,,,,,,
1850,normal,unchanged,,,,,,,
1851,normal,unchanged,,,,,,,
1852,normal,unchanged,,,,,,,
1853,normal,unchanged,,,,,,,
1854,normal,unchanged,,,,,,,
1855,normal,unchanged,,,,,,,
1856,normal,unchanged,,,,,,,
1857,normal,unchanged,,,,,,,
1858,normal,unchanged,,,,,,,
1859,normal,unchanged,,,,,,,
1860,normal,unchanged,,,,,,,
1861,normal,unchanged,,,,,,,
1862,normal,unchanged,,,,,,,
1863,normal,unchanged,,,,,,,
1864,normal,unchanged,,,,,,,
1865,normal,unchanged,,,,,,,
1866,normal,unchanged,,,,,,,
1867,normal,unchanged,,,,,,,
1868,normal,unchanged,,,,,,,
1869,normal,unchanged,,,,,,,
1870,normal,unchanged,,,,,,,
1871,normal,unchanged,,,,,,,
1872,normal,unchanged,,,,,,,
1873,normal,unchanged,,,,,,,
1874,normal,unchanged,,,,,,,
1875,normal,unchanged,,,,,,,
1876,normal,unchanged,,,,,,,
1877,normal,unchanged,,,,,,,
1878,normal,unchanged,,,,,,,
1879,normal,unchanged,,,,,,,
1880,normal,unchanged,,,,,,,
1881,normal,unchanged,,,,,,,
1882,normal,unchanged,,,,,,,
1883,normal,unchanged,,,,,,,
1884,normal,unchanged,,,,,,,
1885,normal,unchanged,,,,,,,
1886,normal,unchanged,,,,,,,
1887,normal,unchanged,,,,,,,
1888,normal,unchanged,,,,,,,
1889,normal,unchanged,,,,,,,
1890,normal,unchanged,,,,,,,
1891,normal,unchanged,,,,,,,
1892,normal,unchanged,,,,,,,
1893,normal,unchanged,,,,,,,
1894,normal,unchanged,,,,,,,
1895,normal,unchanged,,,,,,,
1896,normal,unchanged,,,,,,,
1897,normal,unchanged,,,,,,,
1898,normal,unchanged,,,,,,,
1899,normal,unchanged,,,,,,,
1900,normal,unchanged,,,,,,,
1901,normal,unchanged,,,,,,,
1902,normal,unchanged,,,,,,,
1903,normal,unchanged,,,,,,,
1904,normal,unchanged,,,,,,,
1905,normal,unchanged,,,,,,,
1906,normal,unchanged,,,,,,,
1907,normal,unchanged,,,,,,,
1908,normal,unchanged,,,,,,,
1909,normal,unchanged,,,,,,,
1910,normal,unchanged,,,,,,,
1911,normal,unchanged,,,,,,,
1912,normal,unchanged,,,,,,,
1913,normal,unchanged,,,,,,,
1914,normal,unchanged,,,,,,,
1915,normal,unchanged,,,,,,,
1916,normal,unchanged,,,,,,,
1917,normal,unchanged,,,,,,,
1918,normal,unchanged,,,,,,,
1919,normal,unchanged,,,,,,,
1920,normal,unchanged,,,,,,,
1921,normal,unchanged,,,,,,,
1922,normal,unchanged,,,,,,,
1923,normal,unchanged,,,,,,,
1924,normal,unchanged,,,,,,,
1925,normal,unchanged,,,,,,,
1926,normal,unchanged,,,,,,,
1927,normal,unchanged,,,,,,,
1928,normal,unchanged,,,,,,,
1929,normal,unchanged,,,,,,,
1930,normal,unchanged,,,,,,,
1931,normal,unchanged,,,,,,,
1932,normal,unchanged,,,,,,,
1933,normal,unchanged,,,,,,,
1934,normal,unchanged,,,,,,,
1935,normal,unchanged,,,,,,,
1936,normal,unchanged,,,,,,,
1937,normal,unchanged,,,,,,,
1938,normal,unchanged,,,,,,,
1939,normal,unchanged,,,,,,,
1940,normal,unchanged,,,,,,,
1941,normal,unchanged,,,,,,,
1942,normal,unchanged,,,,,,,
1943,normal,unchanged,,,,,,,
1944,normal,unchanged,,,,,,,
1945,normal,unchanged,,,,,,,
1946,normal,unchanged,,,,,,,
1947,normal,unchanged,,,,,,,
1948,normal,unchanged,,,,,,,
1949,normal,unchanged,,,,,,,
1950,normal,unchanged,,,,,,,
1951,normal,unchanged,,,,,,,
1952,normal,unchanged,,,,,,,
1953,normal,unchanged,,,,,,,
1954,normal,unchanged,,,,,,,
1955,normal,unchanged,,,,,,,
1956,normal,unchanged,,,,,,,
1957,normal,unchanged,,,,,,,
1958,normal,unchanged,,,,,,,
1959,normal,unchanged,,,,,,,
1960,normal,unchanged,,,,,,,
1961,normal,unchanged,,,,,,,
1962,normal,unchanged,,,,,,,
1963,normal,unchanged,,,,,,,
1964,normal,unchanged,,,,,,,
1965,normal,unchanged,,,,,,,
1966,normal,unchanged,,,,,,,
1967,normal,unchanged,,,,,,,
1968,normal,unchanged,,,,,,,
1969,normal,unchanged,,,,,,,
1970,normal,unchanged,,,,,,,
1971,normal,unchanged,,,,,,,
1972,normal,unchanged,,,,,,,
1973,normal,unchanged,,,,,,,
1974,normal,unchanged,,,,,,,
1975,normal,unchanged,,,,,,,
1976,normal,unchanged,,,,,,,
1977,normal,unchanged,,,,,,,
1978,normal,unchanged,,,,,,,
1979,normal,unchanged,,,,,,,
1980,normal,unchanged,,,,,,,
1981,normal,unchanged,,,,,,,
1982,normal,unchanged,,,,,,,
1983,normal,unchanged,,,,,,,
1984,normal,unchanged,,,,,,,
1985,normal,unchanged,,,,,,,
1986,normal,unchanged,,,,,,,
1987,normal,unchanged,,,,,,,
1988,normal,unchanged,,,,,,,
1989,normal,unchanged,,,,,,,
1990,normal,unchanged,,,,,,,
1991,normal,unchanged,,,,,,,
1992,normal,unchanged,,,,,,,
1993,normal,unchanged,,,,,,,
1994,normal,unchanged,,,,,,,
1995,normal,unchanged,,,,,,,
1996,normal,unchanged,,,,,,,
1997,normal,unchanged,,,,,,,
1998,normal,unchanged,,,,,,,
1999,normal,unchanged,,,,,,,
2000,normal,unchanged,,,,,,,
2001,normal,unchanged,,,,,,,
2002,normal,unchanged,,,,,,,
2003,normal,unchanged,,,,,,,
2004,normal,unchanged,,,,,,,
2005,normal,unchanged,,,,,,,
2006,normal,unchanged,,,,,,,
2007,normal,unchanged,,,,,,,
2008,normal,unchanged,,,,,,,
2009,normal,unchanged,,,,,,,
2010,normal,unchanged,,,,,,,
2011,normal,unchanged,,,,,,,
2012,normal,unchanged,,,,,,,
2013,normal,unchanged,,,,,,,
2014,normal,unchanged,,,,,,,
2015,normal,unchanged,,,,,,,
2016,normal,unchanged,,,,,,,
2017,normal,unchanged,,,,,,,
2018,normal,unchanged,,,,,,,
2019,normal,unchanged,,,,,,,
2020,normal,unchanged,,,,,,,
2021,normal,unchanged,,,,,,,
2022,normal,unchanged,,,,,,,
2023,normal,unchanged,,,,,,,
2024,normal,unchanged,,,,,,,
2025,normal,unchanged,,,,,,,
2026,normal,unchanged,,,,,,,
2027,normal,unchanged,,,,,,,
2028,normal,unchanged,,,,,,,
2029,normal,unchanged,,,,,,,
2030,normal,unchanged,,,,,,,
2031,normal,unchanged,,,,,,,
2032,normal,unchanged,,,,,,,
2033,normal,unchanged,,,,,,,
2034,normal,unchanged,,,,,,,
2035,normal,unchanged,,,,,,,
2036,normal,unchanged,,,,,,,
2037,normal,unchanged,,,,,,,
2038,normal,unchanged,,,,,,,
2039,normal,unchanged,,,,,,,
2040,normal,unchanged,,,,,,,
2041,normal,unchanged,,,,,,,
2042,normal,unchanged,,,,,,,
2043,normal,unchanged,,,,,,,
2044,normal,unchanged,,,,,,,
2045,normal,unchanged,,,,,,,
2046,normal,unchanged,,,,,,,
2047,normal,unchanged,,,,,,,
2048,normal,unchanged,,,,,,,
2049,normal,unchanged,,,,,,,
2050,normal,unchanged,,,,,,,
2051,normal,unchanged,,,,,,,
2052,normal,unchanged,,,,,,,
2053,normal,unchanged,,,,,,,
2054,normal,unchanged,,,,,,,
2055,normal,unchanged,,,,,,,
2056,normal,unchanged,,,,,,,
2057,normal,unchanged,,,,,,,
2058,normal,unchanged,,,,,,,
2059,normal,unchanged,,,,,,,
2060,normal,unchanged,,,,,,,
2061,normal,unchanged,,,,,,,
2062,normal,unchanged,,,,,,,
2063,normal,unchanged,,,,,,,
2064,normal,unchanged,,,,,,,
2065,normal,unchanged,,,,,,,
2066,normal,unchanged,,,,,,,
2067,normal,unchanged,,,,,,,
2068,normal,unchanged,,,,,,,
2069,normal,unchanged,,,,,,,
2070,normal,unchanged,,,,,,,
2071,normal,unchanged,,,,,,,
2072,normal,unchanged,,,,,,,
2073,normal,unchanged,,,,,,,
2074,normal,unchanged,,,,,,,
2075,normal,unchanged,,,,,,,
2076,normal,unchanged,,,,,,,
2077,normal,unchanged,,,,,,,
2078,normal,unchanged,,,,,,,
2079,normal,unchanged,,,,,,,
2080,normal,unchanged,,,,,,,
2081,normal,unchanged,,,,,,,
2082,normal,unchanged,,,,,,,
2083,normal,unchanged,,,,,,,
2084,normal,unchanged,,,,,,,
2085,normal,unchanged,,,,,,,
2086,normal,unchanged,,,,,,,
2087,normal,unchanged,,,,,,,
2088,normal,unchanged,,,,,,,
2089,normal,unchanged,,,,,,,
2090,normal,unchanged,,,,,,,
2091,normal,unchanged,,,,,,,
2092,normal,unchanged,,,,,,,
2093,normal,unchanged,,,,,,,
2094,normal,unchanged,,,,,,,
2095,normal,unchanged,,,,,,,
2096,normal,unchanged,,,,,,,
2097,normal,unchanged,,,,,,,
2098,normal,unchanged,,,,,,,
2099,normal,unchanged,,,,,,,
2100,normal,unchanged,,,,,,,
2101,normal,unchanged,,,,,,,
2102,normal,unchanged,,,,,,,
2103,normal,unchanged,,,,,,,
2104,normal,unchanged,,,,,,,
2105,normal,unchanged,,,,,,,
2106,normal,unchanged,,,,,,,
2107,normal,unchanged,,,,,,,
2108,normal,unchanged,,,,,,,
2109,normal,unchanged,,,,,,,
2110,normal,unchanged,,,,,,,
2111,normal,unchanged,,,,,,,
2112,normal,unchanged,,,,,,,
2113,normal,unchanged,,,,,,,
2114,normal,unchanged,,,,,,,
2115,normal,unchanged,,,,,,,
2116,normal,unchanged,,,,,,,
2117,normal,unchanged,,,,,,,
2118,normal,unchanged,,,,,,,
2119,normal,unchanged,,,,,,,
2120,normal,unchanged,,,,,,,
2121,normal,unchanged,,,,,,,
2122,normal,unchanged,,,,,,,
2123,normal,unchanged,,,,,,,
2124,normal,unchanged,,,,,,,
2125,normal,unchanged,,,,,,,
2126,normal,unchanged,,,,,,,
2127,normal,unchanged,,,,,,,
2128,normal,unchanged,,,,,,,
2129,normal,unchanged,,,,,,,
2130,normal,unchanged,,,,,,,
2131,normal,unchanged,,,,,,,
2132,normal,unchanged,,,,,,,
2133,normal,unchanged,,,,,,,
2134,normal,unchanged,,,,,,,
2135,normal,unchanged,,,,,,,
2136,normal,unchanged,,,,,,,
2137,normal,unchanged,,,,,,,
2138,normal,unchanged,,,,,,,
2139,normal,unchanged,,,,,,,
2140,normal,unchanged,,,,,,,
2141,normal,unchanged,,,,,,,
2142,normal,unchanged,,,,,,,
2143,normal,unchanged,,,,,,,
2144,normal,unchanged,,,,,,,
2145,normal,unchanged,,,,,,,
2146,normal,unchanged,,,,,,,
2147,normal,unchanged,,,,,,,
2148,normal,unchanged,,,,,,,
2149,normal,unchanged,,,,,,,
2150,normal,unchanged,,,,,,,
2151,normal,unchanged,,,,,,,
2152,normal,unchanged,,,,,,,
2153,normal,unchanged,,,,,,,
2154,normal,unchanged,,,,,,,
2155,normal,unchanged,,,,,,,
2156,normal,unchanged,,,,,,,
2157,normal,unchanged,,,,,,,
2158,normal,unchanged,,,,,,,
2159,normal,unchanged,,,,,,,
2160,normal,unchanged,,,,,,,
2161,normal,unchanged,,,,,,,
2162,normal,unchanged,,,,,,,
2163,normal,unchanged,,,,,,,
2164,normal,unchanged,,,,,,,
2165,normal,unchanged,,,,,,,
2166,normal,unchanged,,,,,,,
2167,normal,unchanged,,,,,,,
2168,normal,unchanged,,,,,,,
2169,normal,unchanged,,,,,,,
2170,normal,unchanged,,,,,,,
2171,normal,unchanged,,,,,,,
2172,normal,unchanged,,,,,,,
2173,normal,unchanged,,,,,,,
2174,normal,unchanged,,,,,,,
2175,normal,unchanged,,,,,,,
2176,normal,unchanged,,,,,,,
2177,normal,unchanged,,,,,,,
2178,normal,unchanged,,,,,,,
2179,normal,unchanged,,,,,,,
2180,normal,unchanged,,,,,,,
2181,normal,unchanged,,,,,,,
2182,normal,unchanged,,,,,,,
2183,normal,unchanged,,,,,,,
2184,normal,unchanged,,,,,,,
2185,normal,unchanged,,,,,,,
2186,normal,unchanged,,,,,,,
2187,normal,unchanged,,,,,,,
2188,normal,unchanged,,,,,,,
2189,normal,unchanged,,,,,,,
2190,normal,unchanged,,,,,,,
2191,normal,unchanged,,,,,,,
2192,normal,unchanged,,,,,,,
2193,normal,unchanged,,,,,,,
2194,normal,unchanged,,,,,,,
2195,normal,unchanged,,,,,,,
2196,normal,unchanged,,,,,,,
2197,normal,unchanged,,,,,,,
2198,normal,unchanged,,,,,,,
2199,normal,unchanged,,,,,,,
2200,normal,unchanged,,,,,,,
2201,normal,unchanged,,,,,,,
2202,normal,unchanged,,,,,,,
2203,normal,unchanged,,,,,,,
2204,normal,unchanged,,,,,,,
2205,normal,unchanged,,,,,,,
2206,normal,unchanged,,,,,,,
2207,normal,unchanged,,,,,,,
2208,normal,unchanged,,,,,,,
2209,normal,unchanged,,,,,,,
2210,normal,unchanged,,,,,,,
2211,normal,unchanged,,,,,,,
2212,normal,unchanged,,,,,,,
2213,normal,unchanged,,,,,,,
2214,normal,unchanged,,,,,,,
2215,normal,unchanged,,,,,,,
2216,normal,unchanged,,,,,,,
2217,normal,unchanged,,,,,,,
2218,normal,unchanged,,,,,,,
2219,normal,unchanged,,,,,,,
2220,normal,unchanged,,,,,,,
2221,normal,unchanged,,,,,,,
2222,normal,unchanged,,,,,,,
2223,normal,unchanged,,,,,,,
2224,normal,unchanged,,,,,,,
2225,normal,unchanged,,,,,,,
2226,normal,unchanged,,,,,,,
2227,normal,unchanged,,,,,,,
2228,normal,unchanged,,,,,,,
2229,normal,unchanged,,,,,,,
2230,normal,unchanged,,,,,,,
2231,normal,unchanged,,,,,,,
2232,normal,unchanged,,,,,,,
2233,normal,unchanged,,,,,,,
2234,normal,unchanged,,,,,,,
2235,normal,unchanged,,,,,,,
2236,normal,unchanged,,,,,,,
2237,normal,unchanged,,,,,,,
2238,normal,unchanged,,,,,,,
2239,normal,unchanged,,,,,,,
2240,normal,unchanged,,,,,,,
2241,normal,unchanged,,,,,,,
2242,normal,unchanged,,,,,,,
2243,normal,unchanged,,,,,,,
2244,normal,unchanged,,,,,,,
2245,normal,unchanged,,,,,,,
2246,normal,unchanged,,,,,,,
2247,normal,unchanged,,,,,,,
2248,normal,unchanged,,,,,,,
2249,normal,unchanged,,,,,,,
2250,normal,unchanged,,,,,,,
2251,normal,unchanged,,,,,,,
2252,normal,unchanged,,,,,,,
2253,normal,unchanged,,,,,,,
2254,normal,unchanged,,,,,,,
2255,normal,unchanged,,,,,,,
2256,normal,unchanged,,,,,,,
2257,normal,unchanged,,,,,,,
2258,normal,unchanged,,,,,,,
2259,normal,unchanged,,,,,,,
2260,normal,unchanged,,,,,,,
2261,normal,unchanged,,,,,,,
2262,normal,unchanged,,,,,,,
2263,normal,unchanged,,,,,,,
2264,normal,unchanged,,,,,,,
2265,normal,unchanged,,,,,,,
2266,normal,unchanged,,,,,,,
2267,normal,unchanged,,,,,,,
2268,normal,unchanged,,,,,,,
2269,normal,unchanged,,,,,,,
2270,normal,unchanged,,,,,,,
2271,normal,unchanged,,,,,,,
2272,normal,unchanged,,,,,,,
2273,normal,unchanged,,,,,,,
2274,normal,unchanged,,,,,,,
2275,normal,unchanged,,,,,,,
2276,normal,unchanged,,,,,,,
2277,normal,unchanged,,,,,,,
2278,normal,unchanged,,,,,,,
2279,normal,unchanged,,,,,,,
2280,normal,unchanged,,,,,,,
2281,normal,unchanged,,,,,,,
2282,normal,unchanged,,,,,,,
2283,normal,unchanged,,,,,,,
2284,normal,unchanged,,,,,,,
2285,normal,unchanged,,,,,,,
2286,normal,unchanged,,,,,,,
2287,normal,unchanged,,,,,,,
2288,normal,unchanged,,,,,,,
2289,normal,unchanged,,,,,,,
2290,normal,unchanged,,,,,,,
2291,normal,unchanged,,,,,,,
2292,normal,unchanged,,,,,,,
2293,normal,unchanged,,,,,,,
2294,normal,unchanged,,,,,,,
2295,normal,unchanged,,,,,,,
2296,normal,unchanged,,,,,,,
2297,normal,unchanged,,,,,,,
2298,normal,unchanged,,,,,,,
2299,normal,unchanged,,,,,,,
2300,normal,unchanged,,,,,,,
2301,normal,unchanged,,,,,,,
2302,normal,unchanged,,,,,,,
2303,normal,unchanged,,,,,,,
2304,normal,unchanged,,,,,,,
2305,normal,unchanged,,,,,,,
2306,normal,unchanged,,,,,,,
2307,normal,unchanged,,,,,,,
2308,normal,unchanged,,,,,,,
2309,normal,unchanged,,,,,,,
2310,normal,unchanged,,,,,,,
2311,normal,unchanged,,,,,,,
2312,normal,unchanged,,,,,,,
2313,normal,unchanged,,,,,,,
2314,normal,unchanged,,,,,,,
2315,normal,unchanged,,,,,,,
2316,normal,unchanged,,,,,,,
2317,normal,unchanged,,,,,,,
2318,normal,unchanged,,,,,,,
2319,normal,unchanged,,,,,,,
2320,normal,unchanged,,,,,,,
2321,normal,unchanged,,,,,,,
2322,normal,unchanged,,,,,,,
2323,normal,unchanged,,,,,,,
2324,normal,unchanged,,,,,,,
2325,normal,unchanged,,,,,,,
2326,normal,unchanged,,,,,,,
2327,normal,unchanged,,,,,,,
2328,normal,unchanged,,,,,,,
2329,normal,unchanged,,,,,,,
2330,normal,unchanged,,,,,,,
2331,normal,unchanged,,,,,,,
2332,normal,unchanged,,,,,,,
2333,normal,unchanged,,,,,,,
2334,normal,unchanged,,,,,,,
2335,normal,unchanged,,,,,,,
2336,normal,unchanged,,,,,,,
2337,normal,unchanged,,,,,,,
2338,normal,unchanged,,,,,,,
2339,normal,unchanged,,,,,,,
2340,normal,unchanged,,,,,,,
2341,normal,unchanged,,,,,,,
2342,normal,unchanged,,,,,,,
2343,normal,unchanged,,,,,,,
2344,normal,unchanged,,,,,,,
2345,normal,unchanged,,,,,,,
2346,normal,unchanged,,,,,,,
2347,normal,unchanged,,,,,,,
2348,normal,unchanged,,,,,,,
2349,normal,unchanged,,,,,,,
2350,normal,unchanged,,,,,,,
2351,normal,unchanged,,,,,,,
2352,normal,unchanged,,,,,,,
2353,normal,unchanged,,,,,,,
2354,normal,unchanged,,,,,,,
2355,normal,unchanged,,,,,,,
2356,normal,unchanged,,,,,,,
2357,normal,unchanged,,,,,,,
2358,normal,unchanged,,,,,,,
2359,normal,unchanged,,,,,,,
2360,normal,unchanged,,,,,,,
2361,normal,unchanged,,,,,,,
2362,normal,unchanged,,,,,,,
2363,normal,unchanged,,,,,,,
2364,normal,unchanged,,,,,,,
2365,normal,unchanged,,,,,,,
2366,normal,unchanged,,,,,,,
2367,normal,unchanged,,,,,,,
2368,normal,unchanged,,,,,,,
2369,normal,unchanged,,,,,,,
2370,normal,unchanged,,,,,,,
2371,normal,unchanged,,,,,,,
2372,normal,unchanged,,,,,,,
2373,normal,unchanged,,,,,,,
2374,normal,unchanged,,,,,,,
2375,normal,unchanged,,,,,,,
2376,normal,unchanged,,,,,,,
2377,normal,unchanged,,,,,,,
2378,normal,unchanged,,,,,,,
2379,normal,unchanged,,,,,,,
2380,normal,unchanged,,,,,,,
2381,normal,unchanged,,,,,,,
2382,normal,unchanged,,,,,,,
2383,normal,unchanged,,,,,,,
2384,normal,unchanged,,,,,,,
2385,normal,unchanged,,,,,,,
2386,normal,unchanged,,,,,,,
2387,normal,unchanged,,,,,,,
2388,normal,unchanged,,,,,,,
2389,normal,unchanged,,,,,,,
2390,normal,unchanged,,,,,,,
2391,normal,unchanged,,,,,,,
2392,normal,unchanged,,,,,,,
2393,normal,unchanged,,,,,,,
2394,normal,unchanged,,,,,,,
2395,normal,unchanged,,,,,,,
2396,normal,unchanged,,,,,,,
2397,normal,unchanged,,,,,,,
2398,normal,unchanged,,,,,,,
2399,normal,unchanged,,,,,,,
2400,normal,unchanged,,,,,,,
2401,normal,unchanged,,,,,,,
2402,normal,unchanged,,,,,,,
2403,normal,unchanged,,,,,,,
2404,normal,unchanged,,,,,,,
2405,normal,unchanged,,,,,,,
2406,normal,unchanged,,,,,,,
2407,normal,unchanged,,,,,,,
2408,normal,unchanged,,,,,,,
2409,normal,unchanged,,,,,,,
2410,normal,unchanged,,,,,,,
2411,normal,unchanged,,,,,,,
2412,normal,unchanged,,,,,,,
2413,normal,unchanged,,,,,,,
2414,normal,unchanged,,,,,,,
2415,normal,unchanged,,,,,,,
2416,normal,unchanged,,,,,,,
2417,normal,unchanged,,,,,,,
2418,normal,unchanged,,,,,,,
2419,normal,unchanged,,,,,,,
2420,normal,unchanged,,,,,,,
2421,normal,unchanged,,,,,,,
2422,normal,unchanged,,,,,,,
2423,normal,unchanged,,,,,,,
2424,normal,unchanged,,,,,,,
2425,normal,unchanged,,,,,,,
2426,normal,unchanged,,,,,,,
2427,normal,unchanged,,,,,,,
2428,normal,unchanged,,,,,,,
2429,normal,unchanged,,,,,,,
2430,normal,unchanged,,,,,,,
2431,normal,unchanged,,,,,,,
2432,normal,unchanged,,,,,,,
2433,normal,unchanged,,,,,,,
2434,normal,unchanged,,,,,,,
2435,normal,unchanged,,,,,,,
2436,normal,unchanged,,,,,,,
2437,normal,unchanged,,,,,,,
2438,normal,unchanged,,,,,,,
2439,normal,unchanged,,,,,,,
2440,normal,unchanged,,,,,,,
2441,normal,unchanged,,,,,,,
2442,normal,unchanged,,,,,,,
2443,normal,unchanged,,,,,,,
2444,normal,unchanged,,,,,,,
2445,normal,unchanged,,,,,,,
2446,normal,unchanged,,,,,,,
2447,normal,unchanged,,,,,,,
2448,normal,unchanged,,,,,,,
2449,normal,unchanged,,,,,,,
2450,normal,unchanged,,,,,,,
2451,normal,unchanged,,,,,,,
2452,normal,unchanged,,,,,,,
2453,normal,unchanged,,,,,,,
2454,normal,unchanged,,,,,,,
2455,normal,unchanged,,,,,,,
2456,normal,unchanged,,,,,,,
2457,normal,unchanged,,,,,,,
2458,normal,unchanged,,,,,,,
2459,normal,unchanged,,,,,,,
2460,normal,unchanged,,,,,,,
2461,normal,unchanged,,,,,,,
2462,normal,unchanged,,,,,,,
2463,normal,unchanged,,,,,,,
2464,normal,unchanged,,,,,,,
2465,normal,unchanged,,,,,,,
2466,normal,unchanged,,,,,,,
2467,normal,unchanged,,,,,,,
2468,normal,unchanged,,,,,,,
2469,normal,unchanged,,,,,,,
2470,normal,unchanged,,,,,,,
2471,normal,unchanged,,,,,,,
2472,normal,unchanged,,,,,,,
2473,normal,unchanged,,,,,,,
2474,normal,unchanged,,,,,,,
2475,normal,unchanged,,,,,,,
2476,normal,unchanged,,,,,,,
2477,normal,unchanged,,,,,,,
2478,normal,unchanged,,,,,,,
2479,normal,unchanged,,,,,,,
2480,normal,unchanged,,,,,,,
2481,normal,unchanged,,,,,,,
2482,normal,unchanged,,,,,,,
2483,normal,unchanged,,,,,,,
2484,normal,unchanged,,,,,,,
2485,normal,unchanged,,,,,,,
2486,normal,unchanged,,,,,,,
2487,normal,unchanged,,,,,,,
2488,normal,unchanged,,,,,,,
2489,normal,unchanged,,,,,,,
2490,normal,unchanged,,,,,,,
2491,normal,unchanged,,,,,,,
2492,normal,unchanged,,,,,,,
2493,normal,unchanged,,,,,,,
2494,normal,unchanged,,,,,,,
2495,normal,unchanged,,,,,,,
2496,normal,unchanged,,,,,,,
2497,normal,unchanged,,,,,,,
2498,normal,unchanged,,,,,,,
2499,normal,unchanged,,,,,,,
2500,normal,unchanged,,,,,,,
2501,normal,unchanged,,,,,,,
2502,normal,unchanged,,,,,,,
2503,fraud,not_augmented_due_to_limit,,,,,,,
2504,fraud,not_augmented_due_to_limit,,,,,,,
2505,fraud,not_augmented_due_to_limit,,,,,,,
2506,fraud,not_augmented_due_to_limit,,,,,,,
2507,normal,unchanged,,,,,,,
2508,fraud,not_augmented_due_to_limit,,,,,,,
2509,fraud,not_augmented_due_to_limit,,,,,,,
2510,fraud,not_augmented_due_to_limit,,,,,,,
2511,fraud,not_augmented_due_to_limit,,,,,,,
2512,fraud,not_augmented_due_to_limit,,,,,,,
2513,normal,unchanged,,,,,,,
2514,normal,unchanged,,,,,,,
2515,fraud,not_augmented_due_to_limit,,,,,,,
2516,normal,unchanged,,,,,,,
2517,fraud,not_augmented_due_to_limit,,,,,,,
2518,fraud,not_augmented_due_to_limit,,,,,,,
2519,normal,unchanged,,,,,,,
2520,fraud,not_augmented_due_to_limit,,,,,,,
2521,normal,unchanged,,,,,,,
2522,normal,unchanged,,,,,,,
2523,fraud,not_augmented_due_to_limit,,,,,,,
2524,normal,unchanged,,,,,,,
2525,fraud,not_augmented_due_to_limit,,,,,,,
2526,normal,unchanged,,,,,,,
2527,fraud,not_augmented_due_to_limit,,,,,,,
2528,normal,unchanged,,,,,,,
2529,fraud,not_augmented_due_to_limit,,,,,,,
2530,fraud,not_augmented_due_to_limit,,,,,,,
2531,fraud,not_augmented_due_to_limit,,,,,,,
2532,normal,unchanged,,,,,,,
2533,normal,unchanged,,,,,,,
2534,fraud,not_augmented_due_to_limit,,,,,,,
2535,fraud,not_augmented_due_to_limit,,,,,,,
2536,fraud,not_augmented_due_to_limit,,,,,,,
2537,normal,unchanged,,,,,,,
2538,fraud,not_augmented_due_to_limit,,,,,,,
2539,fraud,not_augmented_due_to_limit,,,,,,,
2540,fraud,not_augmented_due_to_limit,,,,,,,
2541,normal,unchanged,,,,,,,
2542,fraud,not_augmented_due_to_limit,,,,,,,
2543,fraud,not_augmented_due_to_limit,,,,,,,
2544,normal,unchanged,,,,,,,
2545,fraud,not_augmented_due_to_limit,,,,,,,
2546,normal,unchanged,,,,,,,
